No. ,明星,性别,生日,职业,国籍,出生地,简介,百度百科链接
1,吴亦凡,男,1990年11月06日,演员、歌手,加拿大,中国广东省广州市,1990年11月06日出生于广东省广州市，华语影视男演员、流行乐歌手。2012年作为EXO组合成员正式出道，担任EXO/EXO队长、主Rapper、门面。2014年吴亦凡回归中国国内发展。,https://baike.baidu.com/item/%E5%90%B4%E4%BA%A6%E5%87%A1
2,宋钟基,男,1985年9月19日,韩国演员、主持人,韩国,韩国大田广域市,宋仲基，1985年9月19日出生于韩国大田广域市，韩国演员、主持人 。2008年，参演古装电影《霜花店》，正式出道。2009年，担任音乐节目《音乐银行》主持人；同年，成为艺能节目《RunningMan》的固定嘉宾。,https://baike.baidu.com/item/%E5%AE%8B%E4%BB%B2%E5%9F%BA/6444325?fr=aladdin&fromid=5709984&fromtitle=%E5%AE%8B%E9%92%9F%E5%9F%BA
3,李敏浩,男,1987年6月22日,演员,韩国,韩国首尔,"李敏镐（이민호、Lee MinHo），1987年6月22日出生于首尔，韩国男演员。
2006年，以电视剧《秘密的校园》正式出道。2009年因电视剧《花样男子》被亚洲观众广泛熟知。2011年主演电视剧《城市猎人》，凭该剧荣获韩国电视剧大奖最佳男演员奖及SBS演技大赏最佳演技奖其余，他还担任韩国旅游海外宣传大使、2018平昌冬奥会宣传大使、“2016-2018”韩国访问年宣传大使。2017年5月12日，入伍服役。",https://baike.baidu.com/item/%E6%9D%8E%E6%95%8F%E9%95%90/885197?fr=aladdin&fromid=6705906&fromtitle=%E6%9D%8E%E6%95%8F%E6%B5%A9
4,吴彦祖,男,1974年9月30日,演员、导演,美国,美国旧金山,"吴彦祖（DanielWu），1974年9月30日出生于美国旧金山，祖籍上海，华语影视男演员、导演，毕业于美国俄勒冈大学。
1998年出演了个人首部电影作品《美少年之恋》，从而踏入演艺圈。",https://baike.baidu.com/item/%E5%90%B4%E5%BD%A6%E7%A5%96/182990?fr=aladdin
5,胡歌,男,1982年9月20日,演员、歌手、制片人,中国,中国上海市,"胡歌，1982年9月20日出生于上海市徐汇区，中国内地演员、歌手、制片人。
1996年，14岁的胡歌便成为上海教育电视台的小主持人，2005年毕业于上海戏剧学院表演系，同年在仙侠剧《仙剑奇侠传》中塑造了“李逍遥”一角，并演唱该剧插曲《六月的雨》《逍遥叹》。2006年8月遭受严重车祸，2007年6月复出。",https://baike.baidu.com/item/%E8%83%A1%E6%AD%8C/312718?fr=aladdin
6,鹿晗,男,1990年4月20日,演员、歌手,中国,中国北京市,鹿晗（LUHAN），1990年4月20日出生于北京海淀区，中国内地影视男演员、歌手。毕业于首尔艺术大学，2008年赴韩国留学期间在明洞逛街时，被韩国SM娱乐有限公司星探发掘成为旗下练习生。2012年4月以韩国男子组合EXO/EXOM成员正式出道，组合内担任主唱、领舞、门面担当。,https://baike.baidu.com/item/%E9%B9%BF%E6%99%97
7,霍建华,男,1979年12月26日,演员、歌手、出品人,中国,台湾省台北市,霍建华（WallaceHuo），1979年12月26日出生于台湾省台北市，祖籍山东烟台龙口，华语影视男演员、歌手、出品人。2002年，因主演偶像剧《摘星》正式踏入演艺圈。2003年，凭借偶像爱情励志剧《海豚湾恋人》在台湾崭露头角。2004年，霍建华将事业重心转向内地，凭借古装武侠剧《天下第一》走入内地观众的视线。,https://baike.baidu.com/item/%E9%9C%8D%E5%BB%BA%E5%8D%8E/249243
8,李易峰,男,1987年5月4日,演员、流行乐歌手、影视制片人,中国,中国四川成都,李易峰，1987年5月4日出生于四川成都，中国内地男演员、流行乐歌手、影视制片人，2010年毕业于四川师范大学电影电视学院。2007年，参加东方卫视选秀娱乐节目《加油！好男儿》的比赛，获得全国总决赛第八名，从而正式出道；同年，发行首张EP《四叶草》。2009年，发行首张个人专辑《小先生》。2013年凭借都市爱情剧《千金归来》获得乐视盛典最受欢迎男演员奖 .,https://baike.baidu.com/item/%E6%9D%8E%E6%98%93%E5%B3%B0
9,钟汉良,男,1974年11月30日,演员、歌手、舞者,中国,中国香港,钟汉良（WallaceChung），1974年11月30日出生于中国香港，影视演员、歌手、舞者。1993年于香港无线电视台出道。1995年发行首张专辑《OREA》 ，连续两年被评为“台湾十大最受欢迎偶像”  2016年举办钟汉良2016乐作人生Sing ForLife巡回演唱会。同年凭借专辑《乐作人生》和歌曲《何以爱情》荣获第16届音乐风云榜年度盛典年度最受欢迎专辑、年度最受欢迎歌曲、年度最受欢迎电视剧歌曲三个奖项 。,https://baike.baidu.com/item/%E9%92%9F%E6%B1%89%E8%89%AF
10,杨洋,男,1991年9月9日,演员,中国,中国上海,"杨洋，1991年9月9日出生于上海，籍贯安徽合肥，毕业于中国人民解放军艺术学院2003级舞蹈系，中国内地影视男演员。
2007年，因在李少红版《红楼梦》中饰演少年贾宝玉而踏入影视圈 。2011年，杨洋参演个人首部电影《建党伟业》[3]  。2015年，因主演青春电影《左耳》和冒险剧《盗墓笔记》而获得更多关注  ；同年，其主演的青春励志剧《旋风少女》取得全国同时段电视剧收视冠军 。",https://baike.baidu.com/item/%E6%9D%A8%E6%B4%8B/11573
11,张震,男,1976年10月14日,演员、歌手,中国,台湾省台北市,"张震，1976年10月14日出生于台湾省台北市，祖籍浙江余姚，中国台湾影视男演员、歌手。
1991年，15岁的张震出演了首部电影作品《牯岭街少年杀人事件》，并提名第28届台湾电影金马奖最佳男主角[。1996年，发行个人首张专辑《一走了之》。1997年起，因出演文艺片《春光乍泄》、武侠动作片《卧虎藏龙》等作品崭露头角",https://baike.baidu.com/item/%E5%BC%A0%E9%9C%87/5330
12,金城武,男,1973年10月11日,演员、歌手,中国,台湾台北市,金城武（Takeshi Kaneshiro）中日混血 ，1973年10月11日出生于台湾台北市， 演员、歌手。15岁时因拍摄广告而进入演艺圈。1992年录制第一张个人大碟，其后相继发行十余张专辑。1994年金城武出演王家卫的电影《重庆森林》《堕落天使》涉足影坛。1998年，金城武将演艺重心转向日本，凭借日剧《神啊！请多给我一点时间》获得日本第18届日剧学院赏最佳男主角。2004年，金城武首次与内地导演合作出演张艺谋的电影《十面埋伏》 。2015年，接拍由王家卫监制的电影《摆渡人》，获得第54届台湾金马奖最佳男主角提名。,https://baike.baidu.com/item/%E9%87%91%E5%9F%8E%E6%AD%A6
13,梁朝伟,男,1962年6月27日,演员、歌手,中国,中国香港,"梁朝伟，1962年6月27日出生于香港，祖籍广东省台山市，中国香港男演员、歌手，国家一级演员，毕业于香港无线训练班第11期。
1982年考入无线电视艺员训练班，正式进入演艺界。20世纪80年代拍摄了多部电视剧。1984年因出演电视剧《鹿鼎记》中的韦小宝一角受到关注[1]  。1990年主演电影《喋血街头》[2]  。1994年凭借电影《重庆森林》获得第14届香港电影金像奖最佳男主角奖、第31届台湾电影金马奖最佳男主角奖[3]  。1997年凭借电影《春光乍泄》获得第17届香港电影金像奖最佳男主角奖[4]  。1998年主演电影《暗花》。2000年凭借电影《花样年华》获得第53届戛纳国际电影节最佳男演员奖以及第20届香港电影金像奖最佳男主角[5]  ",https://baike.baidu.com/item/%E6%A2%81%E6%9C%9D%E4%BC%9F
14,宋承宪,男,1976年10月5日,演员,韩国,韩国首尔市,"宋承宪，本名“宋承复”，1976年10月5日出生于韩国首尔市。韩国男演员，毕业于韩国京畿大学。
1995年，为休闲服装品牌Storm拍广告加入模特行业。1996年，参演情景剧《三男三女》，正式踏入影视圈。2000年，主演爱情剧《蓝色生死恋》，该剧最高收视率达54.4%，为2000年度韩国电视剧收视冠军[1]  2004年11月参军入伍 。2006年，8月正式退伍 。2009年，建立Storm.S公司，作为自己的经纪公司",https://baike.baidu.com/item/%E5%AE%8B%E6%89%BF%E5%AE%AA
15,木村拓哉,男,1972年11月13日,演员，歌手，艺人，声优,日本,日本东京,"木村拓哉（きむら たくや、Kimura Takuya），1972年11月13日出生于日本东京都。日本演员，歌手，艺人，声优，男子偶像组合SMAP全活动时期（1988年-2016年）的成员之一。隶属于日本杰尼斯事务所。妻子是工藤静香，是两个孩子的父亲。
1987年加入杰尼斯事务所，1988年组成SMAP组合，并于1991年正式出道。 从1983-2016的33年间，平均收视率前五名的日剧中，有四部是由木村拓哉主演。",https://baike.baidu.com/item/%E6%9C%A8%E6%9D%91%E6%8B%93%E5%93%89
16,王源,男,2000年11月8日,歌手、演员、主持人,中国,中国重庆,王源，2000年11月8日出生于重庆，中国内地男歌手、演员、主持人，TFBOYS成员。2011年底成为TF家族练习生，2013年8月6日以组合形式出道。2015年开始独立作词作曲，2016年单曲《因为遇见你》播放量破3亿、微博转发破4亿，获第9届城市至尊音乐榜年度听众最爱新人。,https://baike.baidu.com/item/%E7%8E%8B%E6%BA%90/5475062
17,吴尊,男,1979年10月10日,演员、流行乐歌手,文莱,文莱,吴尊（Chun Wu），原名吴吉尊，1979年10月10日出生于文莱，华语影视男演员、流行乐歌手，毕业于澳大利亚皇家墨尔本理工大学。2005年，加入“飞轮海”组合，并宣布正式出道。2006年，在青春励志偶像剧《东方茱丽叶》中饰演男主角纪风亮。2010年，获得“第五届亚洲模特儿奖颁奖典礼”亚洲明星奖。2011年，吴尊因无心歌唱事业，而选择退出飞轮海，并将工作的重心放到了戏剧上；同年，获得“MTV超级盛典”最具风格新锐演员奖 。,https://baike.baidu.com/item/%E5%90%B4%E5%B0%8A
18,靳东,男,1976年12月22日,演员、歌手,中国,中国山东省,"靳东，男，中国内地演员、歌手，1976年12月22日出生于山东省。2003年毕业于中央戏剧学院表演系音乐剧本科班。
1993年在电视剧《东方商人》中饰演少年高显阳，就此踏足演艺界。1999年考入中央戏剧学院表演系音乐剧本科班。",https://baike.baidu.com/item/%E9%9D%B3%E4%B8%9C/15622
19,黄晓明,男,1977年11月13日,演员、歌手、商人,中国,中国山东省青岛市,黄晓明，1977年11月13日生于山东省青岛市市南区，中国内地男演员、歌手、商人，毕业于北京电影学院表演系。1998年主演个人首部电视剧《爱情不是游戏》，从而进入演艺圈。2001年因在古装剧《大汉天子》中饰演刘彻一角而获得关注。2005年起连续10年入选“福布斯中国名人榜”。2006年主演武侠剧《神雕侠侣》。2007年凭借民国剧《新上海滩》获得第13届上海电视节白玉兰奖最佳男演员提名，同年发行个人首张专辑《It's Ming》。2008年将演艺事业的重心转向电影。,https://baike.baidu.com/item/%E9%BB%84%E6%99%93%E6%98%8E/6597
20,袁弘,男,1982年8月23日,演员,中国,中国湖北省武汉市,袁弘，1982年8月23日出生于湖北省武汉市，中国内地男演员，毕业于上海戏剧学院表演系2001级本科。2003年，参演个人首部电视剧《天下无双》而进入演艺圈。2006年，因出演武侠剧《射雕英雄传》中杨康一角崭露头角。2009年，主演古装喜剧《神医大道公》；10月，主演传奇剧《天涯织女》。,https://baike.baidu.com/item/%E8%A2%81%E5%BC%98/658161
21,张艺兴,男,1991年10月7日,演员、歌手,中国,中国湖南省长沙市,张艺兴（LAY），1991年10月7日出生于湖南省长沙市，内地流行男歌手、影视演员，男子演唱组合EXO/EXOM中国籍成员。2005年，张艺兴参加湖南经视《明星学院》比赛并获得总决赛季军。2008年，通过S.M.CastingSystem在中国的选拔成为韩国SM公司旗下练习生。2012年4月，以EXO团体和其子队EXOM成员身份正式出道。2015年4月8日，张艺兴在中国成立个人工作室，5月，因加盟励志体验真人秀节目《极限挑战》而受到广泛关注。,https://baike.baidu.com/item/%E5%BC%A0%E8%89%BA%E5%85%B4
22,李晨,男,1978年11月24日,演员、导演、监制、赛车手,中国,中国北京市,李晨，1978年11月24日出生于北京市，中国内地影视男演员、导演、监制、赛车手，毕业于北京群星艺术学院。1997年，出演个人首部电视剧《十七岁不哭》，从而正式进入演艺圈。2014年，参加浙江卫视户外竞技真人秀《奔跑吧兄弟》的录制；同年，主演古装宫廷剧《武媚娘传奇》。,https://baike.baidu.com/item/%E6%9D%8E%E6%99%A8/7049
23,王凯,男,1982年8月18日,演员、歌手,中国,中国湖北武汉,王凯，1982年8月18日出生于湖北武汉，中国内地男演员、歌手，毕业于中央戏剧学院03级表演本科班。2005年，出演首部电视剧《寒秋》进入娱乐圈。2013年，参演历史剧《北平无战事》，凭借剧中方孟韦一角，获得第28届中国电视金鹰奖观众喜爱的男演员奖提名。2015年，电视剧《伪装者》和《琅琊榜》的相继播出让王凯被观众熟知，其凭借《琅琊榜》中萧景琰一角获得亚洲彩虹奖最佳男配角及第22届上海电视节白玉兰奖最佳男配角的提名,https://baike.baidu.com/item/%E7%8E%8B%E5%87%AF/7062
24,林志颖,男,1974年10月15日,演员、歌手及赛车手,中国,台湾省台北市,林志颖（JimmyLin），1974年10月15日出生于台湾省台北市，中国台湾男演员、歌手及赛车手。出道以来发表多张唱片并出演多部影视剧作品，是台湾第一位授薪职业赛车手及成功的企业家，拥有自己的车队“平坐车队”并活跃于各个领域。先后出演过《旋风小子》《绝代双骄》《天龙八部》《放羊的星星》等多部热播影视剧，发行了《去走走》《挡不住我》等个人国语专辑，出版《我对时间有耐心》等书籍。,https://baike.baidu.com/item/%E6%9E%97%E5%BF%97%E9%A2%96
25,邓超,男,1979年2月8日,演员、电影导演、投资出品人,中国,中国江西南昌,邓超，1979年出生于江西南昌，中国内地男演员、电影导演、投资出品人。1995年考入江西艺术职业学院话剧班，1998年考入中央戏剧学院表演系，毕业后编入中国国家话剧院。2014年执导喜剧片《分手大师》票房6.6亿 ，同期担任节目《奔跑吧兄弟》队长，其中收视率突破5%。15年凭犯罪片《烈日灼心》获第18届上海国际电影节最佳男演员奖及提名金马奖最佳男主角奖  。,https://baike.baidu.com/item/%E9%82%93%E8%B6%85/5681
26,张杰,男,1982年12月20日,歌手,中国,中国四川成都,"张杰，1982年12月20日出生于四川成都，毕业于四川师范大学，内地流行男歌手，行星文化（音乐厂牌）创始人。2004年获我型我秀全国总冠军出道。
至今已发行12张唱片，举办44场个人演唱会，获33次“最受欢迎男歌手”和13次“最佳男歌手”奖，达成内地乐坛“最受欢迎男歌手”大满贯，三度献唱好莱坞电影推广曲 ，三度献唱央视春晚。",https://baike.baidu.com/item/%E5%BC%A0%E6%9D%B0/256
27,吴京,男,1974年4月3日,演员、电影导演,中国,中国北京市,吴京，1974年4月3日出生于北京，中国内地影视男演员、电影导演，毕业于北京体育大学。1989年进入北京市武术队。1994年获得全国武术比赛精英赛枪术、对练冠军。1995年出演个人首部电影《功夫小子闯情关》，从而进入演艺圈。1998年因在古装剧《太极宗师》中饰演杨昱乾一角而被观众熟知。1999年主演武侠剧《小李飞刀》[。2003年赴香港发展电影事业。。2008年开始转型担任导演，并于同年执导导演处女作《狼牙》同年，自编自导自演军事战争片《战狼》。2017年自导自演动作片《战狼2》，该片打破中国内地票房纪录以及全球单一市场单片票房纪录。,https://baike.baidu.com/item/%E5%90%B4%E4%BA%AC/8698
28,周杰伦,男,1979年1月18日,歌手、音乐人、演员、导演、编剧、监制、商人,中国,台湾省新北市,周杰伦（JayChou），1979年1月18日出生于台湾省新北市，中国台湾流行乐男歌手、音乐人、演员、导演、编剧、监制、商人。2000年发行首张个人专辑《Jay》。2002年举行“The One”世界巡回演唱会。2003年成为美国《时代周刊》封面人物。2004年获得世界音乐大奖中国区最畅销艺人奖。演艺事业外，他还涉足商业、设计等领域。2007年成立杰威尔有限公司。2011年担任华硕笔电设计师并入股香港文化传信集团 。,https://baike.baidu.com/item/%E5%91%A8%E6%9D%B0%E4%BC%A6
29,罗志祥,男,1979年7月30日,歌手、主持人、舞者、演员,中国,台湾省基隆市,"罗志祥（ShowLo），1979年7月30日出生于中国台湾省基隆市，华语流行男歌手、主持人、舞者、演员、“STAGE""老板。1994年出道，2003年罗志祥推出首张个人专辑《ShowTime》。2005年举行首场个人演唱会，成为第一位踏上台北小巨蛋的流行歌手。 2008年发行第六张专辑《潮男正传》，获MTV亚洲音乐大奖。",https://baike.baidu.com/item/%E7%BD%97%E5%BF%97%E7%A5%A5/140514
30,王力宏,男,1976年5月17日,歌手、音乐制作人、演员、导演,美国,美国纽约罗切斯特,王力宏（LeehomWang），1976年5月17日出生于美国纽约罗切斯特，祖籍浙江义乌；华语流行乐男歌手、音乐制作人、演员、导演；拥有威廉姆斯大学和伯克利音乐学院双荣誉博士的学历。[2-3] ,https://baike.baidu.com/item/%E7%8E%8B%E5%8A%9B%E5%AE%8F
31,张嘉译,男,1970年4月8日,演员,中国,中国陕西西安,张嘉译，1970年4月8日生于陕西西安，中国影视男演员。1991年毕业于北京电影学院。1990年出演人生第一部电影《魔表》。2009年，凭借电视剧《蜗居》“宋思明”一角走红。2011年，参演《借枪》熊阔海一角获得第17届白玉兰最佳男演员奖。2013年，凭借在《浮沉》中的出色演出，再夺第19届白玉兰“最佳男演员”奖；同年，凭借《营盘镇警事》、《悬崖》、《心术》、《浮沉》获得第29届中国电视剧飞天奖颁奖典礼的“优秀男演员”奖。,https://baike.baidu.com/item/%E5%BC%A0%E5%98%89%E8%AF%91
32,刘昊然,男,1997年10月10日,演员,中国,河南省平顶山市,刘昊然，1997年10月10日出生于河南省平顶山市，中国内地男演员，就读于中央戏剧学院表演系本科。2014年，主演电影《北京爱情故事》，正式出道，凭借该片入围第21届北京大学生电影节最佳新人奖。2015年5月，加盟国防教育特别节目《真正男子汉》；7月，以专业和文化双料第一名的成绩被中央戏剧学院录取；12月，主演悬疑喜剧电影《唐人街探案》，凭借该片获得第20届华鼎奖中国最佳新人奖和2016中国电影指数盛典最佳银幕新锐演员奖，并入围第19届上海国际电影节亚洲新人奖最佳男演员奖，,https://baike.baidu.com/item/%E5%88%98%E6%98%8A%E7%84%B6
33,黄子韬,男,1993年5月2日,歌手、演员,中国,山东省青岛市,"黄子韬，1993年5月2日出生于山东省青岛市，中国流行乐男歌手、演员。
2012年，黄子韬以TAO为艺名随EXO组合正式出道[1]  。2015年6月11日，黄子韬Z.TAO工作室正式成立[2]  ；；10月21日，加盟湖南卫视国防教育节目《真正男子汉第二季》[8]  ；11月26日，黄子韬获百度娱乐年度人物奖。2017年12月25日，加盟优酷《这！就是街舞》[9]  。",https://baike.baidu.com/item/%E9%BB%84%E5%AD%90%E9%9F%AC
34,薛之谦,男,1983年7月17日,歌手、影视演员、音乐制作人,中国,上海,"薛之谦（JokerXue），1983年7月17日出生于上海，华语流行乐男歌手、影视演员、音乐制作人，毕业于格里昂酒店管理学院。
2005年，因参加选秀节目《我型我秀》而正式出道[1]  。2006年，发行首张同名专辑《薛之谦》，随后凭借歌曲《认真的雪》获得广泛关注 。",https://baike.baidu.com/item/%E8%96%9B%E4%B9%8B%E8%B0%A6/144417
35,周星驰,男,1962年6月22日,演员、导演、编剧、制作人、商人,中国,香港,"周星驰，1962年6月22日生于香港，祖籍浙江宁波，中国香港演员、导演、编剧、制作人、商人，毕业于无线电视艺员训练班。
1980年成为丽的电视台的特约演员，从而进入演艺圈。1981年出演个人首部电视剧《IQ成熟时》。1995年凭借喜剧爱情片《大话西游》奠定其在华语影坛的地位。演艺事业外，周星驰还涉足商界。1989年成立星炜有限公司。1996年成立星辉公司 。2010年出任比高集团有限公司执行董事  。",https://baike.baidu.com/item/%E5%91%A8%E6%98%9F%E9%A9%B0
36,郭德纲,男,1973年1月18日,相声演员，电影、电视剧演员，电视脱口秀主持人,中国,天津,"郭德纲，男，出生于1973年1月18日，天津人，相声演员，电影、电视剧演员，电视脱口秀主持人。
1979年投身艺坛，先拜评书前辈高庆海学习评书，后跟随相声名家常宝丰学相声，又师从相声大师侯耀文。1996年，创办北京德云社。2005年起，郭德纲及其德云社异军突起，使公众重新关注相声这一艺术门类，实现了相声的二次复兴。",https://baike.baidu.com/item/%E9%83%AD%E5%BE%B7%E7%BA%B2
37,张国荣,男,1956年9月12日,歌手、演员、音乐人,中国,香港,张国荣（1956年9月12日至2003年4月1日），生于香港，男歌手、演员、音乐人；影视歌多栖发展的代表之一。1977年正式出道。1983年以《风继续吹》成名。1984年演唱的《Monica》是香港歌坛第一支同获十大中文金曲、十大劲歌金曲的舞曲。1978年开始参演电视剧。80年代中期将事业重心移至影坛，成功塑造了宁采臣、旭仔、程蝶衣、欧阳锋、何宝荣等角色。1993年主演的《霸王别姬》是中国电影史上首部获得戛纳国际电影节金棕榈大奖的电影，2010年被美国CNN评为“史上最伟大的25位亚洲演员”之一。2003年4月1日逝世。,https://baike.baidu.com/item/%E5%BC%A0%E5%9B%BD%E8%8D%A3/6804
38,朱亚文,男,1984年4月21日,演员,中国,江苏省盐城市,朱亚文，1984年4月21日生于江苏省盐城市，中国大陆男演员，2006年毕业于北京电影学院表演系本科。2012年凭借《远去的飞鹰》入围国际艾美奖最佳男演员。2013年在郑晓龙执导的电视剧《红高粱》饰演男主角余占鳌。2018年3月获得湖南卫视《声临其境》第一季总冠军,https://baike.baidu.com/item/%E6%9C%B1%E4%BA%9A%E6%96%87/10390180
39,雷佳音,男,1983年8月29日,演员,中国,辽宁省鞍山市,雷佳音，1983年8月29日出生于辽宁省鞍山市，中国内地影视男演员，毕业于上海戏剧学院表演系。2004年，出演个人首部电视剧《江湖俏佳人》，从而正式进入演艺圈。2006年，他以第一名的成绩考进上海话剧中心。2009年，出演个人首部电影《高考1977》；同年，相继出演了爱情喜剧《和空姐一起的日子、职场励志喜剧《杜拉拉升职记》。2011年，获得第15届佐临话剧艺术奖最具潜质新人奖  。,https://baike.baidu.com/item/%E9%9B%B7%E4%BD%B3%E9%9F%B3
40,韩东君,男,1992年7月21日,演员、赛车手,中国,黑龙江省哈尔滨市,韩东君，1992年7月21日出生于黑龙江省哈尔滨市，中国内地男演员、赛车手，毕业于上海戏剧学院2012级表演系。2013年正式拿到中国汽车运动联合会赛车驾照；同年参演首部电视剧《神雕侠侣》进入娱乐圈；2014年因出演话剧版《山楂树之恋》中男主角“老三”一角而获得关注。,https://baike.baidu.com/item/%E9%9F%A9%E4%B8%9C%E5%90%9B
41,李泉,男,1969年10月12日,歌手、音乐制作人,中国,上海市,李泉（JamesLi），1969年10月12日出生于上海市，祖籍武汉市黄陂区，华语流行乐男歌手、音乐制作人，毕业于上海音乐学院。1995年，推出首张个人音乐专辑《上海梦》，从而正式进入演艺圈。1996年，为周冰倩、黄格选、杜德伟等歌手创作歌曲。2001年，凭借专辑《走钢索的人》获得“首届音乐风云榜颁奖礼”年度最佳创作歌手奖。2002年，获得“第二届全球华语歌曲排行榜”最佳创作歌手奖。2004年，获得“第二届东南劲爆音乐榜”内地劲爆最佳唱作男歌手奖。,https://baike.baidu.com/item/%E6%9D%8E%E6%B3%89/21743
42,陈伟霆,男,1985年11月21日,演员、歌手、主持人,中国,香港,陈伟霆（WilliamChan），1985年11月21日出生于中国香港，华语影视男演员、歌手、主持人。2003年，因参加全球华人新秀香港区选拔赛而进入演艺圈。2006年成为Sun Boy’z组合一员。2008年开始独立发展，随后推出个人首张专辑《Will Power》，并获香港十大劲歌金曲颁奖礼最受欢迎男新人金奖及香港十大中文金曲最有前途新人金奖。2014年，因主演古装仙侠偶像剧《古剑奇谭》被内地观众熟知，并获得国剧盛典年度最受欢迎全能艺人及年度电视剧媒体最期待演员,https://baike.baidu.com/item/%E9%99%88%E4%BC%9F%E9%9C%86
43,吴磊,男,1999年12月26日,演员,中国,上海市,吴磊，1999年12月26日出生于上海，中国内地影视男演员。2005年，因出演个人首部作品《封神榜之凤鸣岐山》而踏入演艺圈。2009年，因出演喜剧《家有外星人》中唐不苦一角而被观众认识。2015年，凭借古装谋权剧《琅琊榜》获得国剧盛典最具潜质演员奖。2016年，主演3D喜剧《大闹东海》及奇幻片《阿修罗》。2017年，主演改编自天蚕土豆同名小说的古装玄幻剧《斗破苍穹》,https://baike.baidu.com/item/%E5%90%B4%E7%A3%8A/6581
44,刘德华,男,1961年9月27日,演员、歌手、作词人、制片人,中国,香港,刘德华（AndyLau），1961年9月27日出生于中国香港，中国香港男演员、歌手、作词人、制片人。1981年出演电影处女作《彩云曲》。1983年主演的武侠剧《神雕侠侣》在香港获得62点的收视纪录。2004年凭借警匪片《无间道3：终极无间》获得第41届台湾金马奖最佳男主角奖。1985年发行首张个人专辑《只知道此刻爱你》。2000年被《吉尼斯世界纪录大全》评为“获奖最多的香港男歌手”。2004年第六次获得十大劲歌金曲最受欢迎男歌星奖。,https://baike.baidu.com/item/%E5%88%98%E5%BE%B7%E5%8D%8E/114923
45,周渝民,男,1981年6月9日,演员、流行乐歌手,中国,台湾省宜兰县,周渝民（VicChou），1981年6月9日出生于台湾省宜兰县，中国台湾影视男演员、流行乐歌手，F4组合成员。2001年，凭借在偶像剧《流星花园》饰演花泽类而崭露头角。2009年，在电视剧《痞子英雄》中成功饰演陈在天并凭借这部作品入围了第44届台湾电视金钟奖最佳男主角。自2008年主演了电影《蝴蝶飞》之后，周渝民开始走上大荧幕，2011年，凭借影片《爱你一万年》获得大阪亚洲电影节最受观众欢迎大奖,https://baike.baidu.com/item/%E5%91%A8%E6%B8%9D%E6%B0%91
46,张一山,男,1992年5月5日,演员,中国,北京市西城区,张一山，1992年5月5日出生于北京市西城区，毕业于北京电影学院，中国内地男演员。2000年，张一山开始拍摄广告片，后被导演徐耿相中，出演首部电视剧作品《小兵张嘎》。2004年，因在少儿题材的情景喜剧《家有儿女》中饰演刘星后而被观众们熟知。2016年，主演的刑侦网剧《余罪》第一、二季播出，再次得到好评；同年10月，张一山当选2016“中国90后10大影响力人物”,https://baike.baidu.com/item/%E5%BC%A0%E4%B8%80%E5%B1%B1/11907
47,尹正,男,1986年12月30日,演员,中国,内蒙古包头,尹正，1986年12月30日出生，毕业于星海音乐学院流行音乐系2006级本科，中国内地男演员。2011年，参演了中文版音乐剧《妈妈咪呀》。2012年，参演话剧《鹿鼎记》。2013年，在古装喜剧《龙门镖局》中饰演“山鸡”一角，正式进入演艺圈。2014年，参演的奇幻惊悚题材好莱坞电影《绝命航班》上映。2015年，主演校园励志电视剧《红色青橄榄》，首次担任男主角；同年，主演喜剧电影《夏洛特烦恼》；随后，主演悬爱侦探剧《他来了，请闭眼》，凭借该剧获得第19届华鼎奖“最佳新锐演员”的称号。,https://baike.baidu.com/item/%E5%B0%B9%E6%AD%A3/9583560
48,言承旭,男,1977年1月1日,演员、歌手、模特,中国,台湾省桃园市,言承旭（JerryYan），本名廖洋震，1977年1月1日出生于台湾省桃园市。演员、歌手、模特，偶像组合F4中的一员。2001年参演电视剧《流星花园》，饰演“道明寺”一角而走红；2004年获韩国总理颁发“亚洲杰出艺人奖”，8月推出首张个人专辑《第一次》，凭此专辑获得中歌榜年度“最受欢迎港台地区新人奖”和“最受欢迎港台歌曲奖 ”,https://baike.baidu.com/item/%E8%A8%80%E6%89%BF%E6%97%AD
49,成龙,男,1954年4月7日,演员、导演、动作指导、制作人、编剧、歌手,中国,香港中西区,成龙，1954年4月7日出生于香港中西区，祖籍安徽省芜湖，中国香港男演员、导演、动作指导、制作人、编剧、歌手。1971年以武师身份进入电影圈。1978年主演的动作片《蛇形刁手》、《醉拳》标志着功夫喜剧片的开端。2013年凭借动作片《十二生肖》获得第32届香港电影金像奖最佳动作设计奖。2016年获得奥斯卡金像奖终身成就奖。成龙与周润发、周星驰并称为双周一成。他擅长谐趣风格的动作喜剧片；截至2017年，其主演电影在全球的总票房超过200亿元。,https://baike.baidu.com/item/%E6%88%90%E9%BE%99/71648
50,刘烨,男,1978年3月23日,演员,中国,吉林省长春市,刘烨，1978年3月23日生于吉林省长春市，中国内地男演员，吉林省青年联合会副主席、中国电影协会会员、中国国家话剧院演员。2000年毕业于中央戏剧学院表演系。1999年，刘烨因主演电影《那山那人那狗》饰演山村男孩步入影坛，该片获蒙特利尔国际电影节最受观众欢迎故事片奖。2016年，在悬疑片《追凶者也》中饰演宋老二，他则凭借该片获得第19届上海国际电影节最佳男主角（即金爵奖影帝）,https://baike.baidu.com/item/%E5%88%98%E7%83%A8/13286
51,文章,男,1984年6月26日,演员、导演,中国,陕西省西安市,文章，1984年6月26日出生于陕西省西安市，中国内地男演员、导演。2006年毕业于中央戏剧学院表演系。2004年参演电视剧《与青春有关的日子》，开始在影视圈崭露头角。2005年拍摄古装剧《锦衣卫》。2007年主演赵宝刚导演的青春剧《奋斗》；同年，主演首部电影《走着瞧》。2008年主演滕华涛执导的电视剧《蜗居》2017年9月16日，凭借《陆垚知马俐》获得第31届中国电影金鸡奖导演处女作奖,https://baike.baidu.com/item/%E6%96%87%E7%AB%A0/4751275
52,黄渤,男,1974年8月26日,演员,中国,山东青岛 ,黄渤，1974年8月26日出生于山东青岛，中国内地男演员，毕业于北京电影学院表演系配音专业。黄渤早年曾有过驻唱歌手、舞蹈教练、影视配音等多种工作经历。2000年，黄渤出演管虎执导的电视电影《上车，走吧》，这是他的第一部影视作品。2006年凭借宁浩执导的电影《疯狂的石头》而成名[3]2015年6月，加盟东方卫视励志综艺真人秀《极限挑战》节目,https://baike.baidu.com/item/%E9%BB%84%E6%B8%A4
53,张国立,男,1955年1月17日,演员、导演、制片人、主持人,中国,天津,张国立，1955年1月17日生于天津，全国政协委员，国家一级演员、导演、制片人、主持人。中国铁路文工团演员、重庆大学美视电影学院院长、硕士生导师，北京国立常升影视文化传播有限公司董事长、上影寰亚文化发展（上海）有限公司总经理。,https://baike.baidu.com/item/%E5%BC%A0%E5%9B%BD%E7%AB%8B/10549
54,张译,男,1978年2月17日,演员,中国,黑龙江省哈尔滨市,张译，1978年2月17日出生于黑龙江省哈尔滨市，中国内地男演员。1997年至2006年服役于北京军区政治部战友话剧团。2006年，主演军事励志题材电视剧《士兵突击》。2009年，主演抗战剧《我的团长我的团》，张译凭借该角色获得2009中国电视榜“最深入人心电视形象”的荣誉。2017年4月，张译凭借《追凶者也》获得第八届中国电影导演协会年度男演员表彰。2017年6月16日，张译凭借《鸡毛飞上天》获第23届上海电视节白玉兰奖最佳男主角奖。,https://baike.baidu.com/item/%E5%BC%A0%E8%AF%91/4637596
55,韩庚,男,1984年2月9日,演员、流行乐歌手、舞者、商人、赛车手,中国,黑龙江省牡丹江市,韩庚（HanGeng），1984年2月9日生于黑龙江省牡丹江市，中国内地影视男演员、流行乐歌手、舞者、商人、赛车手，毕业于中央民族大学舞蹈系。2005年，作为SuperJunior唯一的中国籍成员正式出道，并成为第一位正式在韩国出道的中国人。2008年，担任SuperJuniorM的队长。2009年，与SM公司解约并回国发展。2010年，推出首张个人音乐专辑《庚心》。2011年，凭借电影《大武生》获得第二届纽约中国电影节亚洲最受欢迎艺人奖,https://baike.baidu.com/item/%E9%9F%A9%E5%BA%9A/5909
56,周润发,男,1955年5月18日,演员、摄影家,中国,香港南丫岛,周润发（ChowYunFat），1955年5月18日出生在香港南丫岛，籍贯广东开平，中国影视演员、摄影家，国家一级演员。1974年毕业于TVB艺员训练班，主演了《网中人》、《亲情》、《上海滩》等20余部剧集。1976年初涉影坛，在80年代凭《英雄本色》、《监狱风云》、《赌神》等电影成为香港“暴力美学”风格电影的代表人物之一。90年代与成龙、周星驰并称为“双周一成”。1995年远赴好莱坞发展。主演了《安娜与国王》、《卧虎藏龙》等多部不同风格的电影，曾两次担任奥斯卡颁奖嘉宾。,https://baike.baidu.com/item/%E5%91%A8%E6%B6%A6%E5%8F%91
57,陈晓,男,1987年7月5日,演员,中国,安徽合肥,陈晓，1987年7月5日出生于安徽合肥，中国内地男演员，毕业于中央戏剧学院表演系本科班。1997年出演电视《我们班的歌》，饰演男一号孙东。2010年参演徐克执导的电影《狄仁杰之通天帝国》。2011年签约于正工作室。2013年凭借新版《笑傲江湖》林平之、《陆贞传奇》男一号高湛人气大增，荣获2013年度国剧盛典“极具青春号召力演员”奖，以及亚洲偶像盛典“最具潜力男演员奖”。2016年，与孙俪合作主演电视剧《那年花开月正圆》，同年凭借在影片《智取威虎山》中饰演的高波一角获得第33届大众电影百花奖最佳男配角提名[11]  。,https://baike.baidu.com/item/%E9%99%88%E6%99%93/1178647
58,张学友,男,1961年7月10日,歌手、演员,中国,香港,张学友（JackyCheung），1961年7月10日出生于香港，中国香港男歌手、演员，毕业于香港崇文英文书院。1984年因获得首届香港十八区业余歌唱大赛冠军而出道。1985年发行个人首张专辑《Smile》。1993年发行的专辑《吻别》打破华语唱片在台湾的销量纪录。张学友热心公益慈善。1998年当选香港十大杰出青年。 1999年当选世界十大杰出青年。2003年至2009年担任香港演艺人协会副会长 。,https://baike.baidu.com/item/%E5%BC%A0%E5%AD%A6%E5%8F%8B
59,郑恺,男,1986年4月17日,演员,中国,上海市,郑恺（Ryan），1986年4月17日出生于上海市，华语影视男演员，毕业于上海戏剧学院表演系。2007年，出演个人首部电影《奔跑吧有情人》，从而正式进入演艺圈。2014年，参加浙江卫视户外竞技真人秀节目《奔跑吧兄弟》；同年，凭借电影《前任攻略》获得“第2届伦敦国际华语电影节”最佳男配角奖。2015年，获得“第15届华语电影传媒大奖”最受瞩目男演员奖。2017年，获得“时尚先生年度盛典”年度实力偶像奖,https://baike.baidu.com/item/%E9%83%91%E6%81%BA/73530
60,古天乐,男,1970年10月21日,演员、歌手,中国,香港,古天乐，1970年10月21日出生于中国香港，中国香港男演员、歌手。1993年，古天乐签约TVB进入娱乐圈。1995年，在武侠剧《神雕侠侣》中首次担任男主角，饰演亦正亦邪的杨过而成名。古天乐于2009年成立“古天乐慈善基金会”，截至2015年底，古天乐以“古天乐慈善基金”的名义先后在贵州等地捐赠80多所学校。2018年1月19日，担任香港演艺人协会会长。2018年1月31日，上榜“2017中国慈善名人榜TOP30”  。第12届亚洲电影大奖最佳男主角。,https://baike.baidu.com/item/%E5%8F%A4%E5%A4%A9%E4%B9%90
61,宋威龙,男,1999年3月25日,演员、模特,中国,辽宁省大连市,"宋威龙，1999年3月25日出生于辽宁省大连市，中国内地影视男演员、模特。
2015年因在创意实境游戏秀《全员加速中》第六期“触不到的恋人”中饰演彩虹谷少爷王晓被观众熟知；2016年1月，加入湖南卫视脱口秀节目《天天向上》，担任天天小兄弟成员，2017年，主演古装电视剧《凤囚凰》",https://baike.baidu.com/item/%E5%AE%8B%E5%A8%81%E9%BE%99
62,易烊千玺,男,2000年11月28日,歌手、舞者、演员,中国,湖南怀化,易烊千玺，2000年11月28日生于湖南怀化，中国内地男歌手、舞者、演员，TFBOYS成员。2005年，首登电视荧屏，开始参演各类综艺节目。2009年，加入“飞炫少年”组合，两年后退出，期间先后亮相CCTV和全国各大卫视。2013年6月，因舞蹈出众、多才多艺获邀加入TF家族；同年8月，以TFBOYS形式出道，是组合中年龄最小的成员 。,https://baike.baidu.com/item/%E6%98%93%E7%83%8A%E5%8D%83%E7%8E%BA
63,王俊凯,男,1999年9月21日,歌手、演员,中国,重庆,王俊凯，1999年9月21日生于中国重庆，中国内地流行乐男歌手、影视演员、TFBOYS队长。2010年底成为TF家族练习生，一年后其他学员陆续退出，只有王俊凯坚持下来，TF家族因此得以存续。2012年2月，翻唱《囚鸟》被优酷等网站推荐而走进大众视野。2013年8月6日，与王源、易烊千玺组成中国内地组合TFBOYS正式出道，王俊凯担任组合队长。2015年5月，王俊凯参加在人民大会堂举办的共青团中央优秀青年座谈会；7月参加“中华全国学生联合会第26次代表大会”，同时兼任学生会副会长和五四优秀青年并登上当日新闻联播报道  。,https://baike.baidu.com/item/%E7%8E%8B%E4%BF%8A%E5%87%AF/75850
64,华晨宇,男,1990年2月7日,歌手,中国,湖北十堰 ,华晨宇，1990年2月7日生于湖北十堰，中国男歌手，毕业于武汉音乐学院。2013年，参加湖南卫视《快乐男声》获年度总冠军出道。2014年1月，首登央视春晚舞台。同年4月，参加户外真人秀节目《花儿与少年》。9月6日7日，在北京万事达中心连开两场“火星”演唱会，随后首张个人专辑《卡西莫多的礼物》发行，并凭此专辑获2015QQ音乐年度最佳内地男歌手及第十五届音乐风云榜年度最受欢迎男歌手等奖项。2015年7月31日—8月2日，在上海大舞台连开三场个人演唱。,https://baike.baidu.com/item/%E5%8D%8E%E6%99%A8%E5%AE%87/6064097?fr=aladdin
65,迪丽热巴,女,1992年6月3日,演员,中国,新疆乌鲁木齐市,迪丽热巴（Dilraba），1992年6月3日出生于新疆乌鲁木齐市，中国内地影视女演员。2013年，迪丽热巴因主演个人首部电视剧《阿娜尔罕》而出道。2014年，她主演了奇幻剧《逆光之恋》。2015年，迪丽热巴凭借爱情剧《克拉恋人》赢得高人气，并获得国剧盛典最受欢迎新人女演员奖。,https://baike.baidu.com/item/%E8%BF%AA%E4%B8%BD%E7%83%AD%E5%B7%B4/1180418?fr=aladdin
66,姚笛,女,1982年3月17日,演员,中国,浙江省桐乡市,姚笛，1982年3月17日出生于浙江省桐乡市、中国内地女演员。2007年，姚笛因参加“红楼梦中人”的选秀而进入演艺圈；随后，在李少红版《红楼梦》中饰演了王熙凤。2010年，主演的恐怖片《午夜心跳》总票房累计2800万，在贺岁档的惊悚片中排名第三。2011年，凭借情感剧《裸婚时代》获得优酷影视盛典年度最具人气女演员及最受欢迎女演员等奖项。,https://baike.baidu.com/item/%E5%A7%9A%E7%AC%9B
67,赵丽颖,女,1987年10月16日,演员,中国,北省廊坊市,赵丽颖，1987年10月16日出生于河北省廊坊市，中国内地影视女演员。2006年，因获得雅虎搜星比赛冯小刚组冠军而进入演艺圈；同年，在冯小刚执导的广告片《跪族篇》中担任女主角。2011年，因在古装剧《新还珠格格》中饰演晴儿一角而被观众认识。2015年，主演的仙侠剧《花千骨》打破中国内地周播剧收视纪录，而其个人则凭借该剧先后获得第6届澳门国际电视节金莲花最佳女主角奖。2017年，其主演的古装剧《楚乔传》成为中国内地首部在播期间网络播放量突破400亿次的电视剧  。,https://baike.baidu.com/item/%E8%B5%B5%E4%B8%BD%E9%A2%96/10075976?fr=aladdin
68,杨幂,女,1986年9月12日,演员,中国,北京市,杨幂，1986年9月12日出生于北京市，中国内地影视女演员、流行乐歌手、影视制片人。2005年，杨幂进入北京电影学院表演系本科班就读。2006年，杨幂因出演金庸武侠剧《神雕侠侣》而崭露头角。2008年，杨幂凭借古装剧《王昭君》获得了第24届中国电视金鹰奖观众喜爱的电视剧女演员奖提名。2009年，杨幂在“80后新生代娱乐大明星”评选活动中与其她三位女演员共同被评为“四小花旦”。2011年，杨幂凭借穿越剧《宫锁心玉》赢得广泛关注，并获得了第17届上海电视节白玉兰奖观众票选最具人气女演员奖。,https://baike.baidu.com/item/%E6%9D%A8%E5%B9%82
69,关晓彤,女,1997年9月17日,演员,中国,北京市,关晓彤，1997年9月17日出生于北京市，就读于北京电影学院，中国内地女演员。2001年，出演个人首部电视剧《烟海沉浮》，从而开启了她的演艺生涯。2005年，凭借奇幻动作片《无极》被观众认识。2014年，凭借时尚情感剧《一仆二主 》荣获国剧盛典观众喜爱的新人女演员奖；2016年，凭借主演都市爱情剧《好先生》而获得广泛关注；与此同时，关晓彤还与郑爽、周冬雨、杨紫共同被评为“90后四小花旦。,https://baike.baidu.com/item/%E5%85%B3%E6%99%93%E5%BD%A4/40229
70,杨颖,女,1989年2月28日,演员、时尚模特,中国,上海市,Angelababy（杨颖），1989年2月28日出生于上海市，华语影视女演员、时尚模特。2003年，Angelababy以模特身份出道，此后，她因担任时尚模特而在香港崭露头角。2007年，她开始将工作重心转向大银幕。2011年，她在爱情片《夏日乐悠悠》中首次担任女主角。2012年，凭借言情片《第一次》获得第13届华语电影传媒大奖最受瞩目女演员奖。2013年，Angelababy与其她三位女艺人被《南都娱乐周刊》选为新“四小花旦”；同年，她还完成了个人的荧屏处女作《大汉情缘之云中歌》,https://baike.baidu.com/item/Angelababy
71,张韶涵,女,1982年1月19日,歌手、影视演员,中国,台湾省桃园县,张韶涵（AngelaZhang），1982年1月19日出生于台湾省桃园县中坜市，拥有四分之一维吾尔族血统，华语流行乐女歌手、影视演员，毕业于加拿大温斯顿爵士邱吉尔中等学校。2001年，与福茂唱片签约，出演了个人首部电视剧《永不言弃》，从而正式进入演艺圈。2003年，在爱情励志偶像剧《海豚湾恋人》中饰演女主角易天边。2004年，推出首张个人音乐专辑《OverTheRainbow》。2005年，凭借专辑《欧若拉》入围了第16届台湾金曲奖最佳国语女演唱人奖；,https://baike.baidu.com/item/%E5%BC%A0%E9%9F%B6%E6%B6%B5/148008
72,欧阳娜娜,女,2000年6月15日,演员、大提琴演奏者,中国,台湾省台北市,欧阳娜娜，2000年6月15日出生于台湾省台北市，华语影视女演员、大提琴演奏者。2011年，欧阳娜娜赢得台湾大提琴比赛冠军并以特优第一名保送台湾师大附中音乐班。2012年，她在台湾成功举办四场“Only&Nana－2012欧阳娜娜大提琴独奏会”巡回音乐会，成为台湾“国家演奏厅”有史以来年纪最小的演奏家。2013年，考取美国柯蒂斯音乐学院并获得全额奖学金。2014年，凭借爱情电影《北京爱情故事》开始在影视圈崭露头角。2015年，她首次登上北京国家大剧院的舞台，举行个人大提琴独奏会。,https://baike.baidu.com/item/%E6%AC%A7%E9%98%B3%E5%A8%9C%E5%A8%9C
73,石原里美,女,1986年12月24日,演员、主持人,日本,日本东京,石原里美，1986年12月24日出生于日本东京，日本女演员、主持人。2002年，参加HORIPRO公司第27回艺人新人选拔，获得最佳新人“完美少女”奖，从而正式以女演员的身份进入演艺圈。2003年，参演喜剧电影《我的爷爷》，她则凭借该片获得了第28届报知映画赏新人赏、第27届日本电影学院赏新人赏等7个电影奖项的新人赏,https://baike.baidu.com/item/%E7%9F%B3%E5%8E%9F%E9%87%8C%E7%BE%8E
74,酒井法子,女,1971年2月14日,歌手、演员、词作者,日本,日本福冈,酒井法子，1971年2月14日出生在日本福冈。日本歌手、演员、词作者。1986年，参演了首部电视剧《春风一番!》；1987年，以单曲《宁为男孩》歌手出道，并获得了“日本歌谣大赏最优秀放送音乐新人赏”；1988年，主演了电视剧《京都花见小路杀人事件ー舞妓名侦探》，这是其首次主演电视剧；1989年，举行第一次全国巡回演唱会“ShuffleHeart”；1992年，在台北举行了首场海外个人演唱会；1993年，主演了浪漫奇幻电视剧《我爱美人鱼》；1995年，主演了爱情电视剧《星之金币》，由此获得了第5回日剧学院赏最佳女主角奖；,https://baike.baidu.com/item/%E9%85%92%E4%BA%95%E6%B3%95%E5%AD%90
75,甘婷婷,女,1986年2月5日,演员,中国,安徽省芜湖市,甘婷婷，1986年2月5日出生于安徽省芜湖市，中国内地女演员，毕业于中央戏剧学院。2005年，出演个人首部影视剧《朱元璋》，饰演玉儿正式出道。2006年，主演中越合拍片《河内，河内》，并凭借该片荣获2007年度越南金风筝国际电影节“最佳女演员奖”。2010年，参演《水浒传》中潘金莲一角，并凭借该剧荣获2011搜狐秋季电视剧盛典最佳女新人奖、2011国剧盛典年度最佳新人女演员 。,https://baike.baidu.com/item/%E7%94%98%E5%A9%B7%E5%A9%B7
76,李小冉,女,1976年5月8日,演员,中国,北京,"李小冉，1976年5月8日出生于北京，中国内地女演员，毕业于北京舞蹈学院。
1996年参演个人首部电视剧《保镖之翡翠娃娃》，从而进入演艺圈。2000年因在年代剧《像雾像雨又像风》中饰演安琪一角获得关注。2003年参演情感剧《别了，温哥华》。2008年主演年代剧《凤穿牡丹》。2010年主演民国剧《来不及说我爱你》。2014年凭家庭剧《大丈夫》获得第20届上海电视节白玉兰奖最佳女演员提名 ",https://baike.baidu.com/item/%E6%9D%8E%E5%B0%8F%E5%86%89
77,郑爽,女,1991年8月22日,演员,中国,辽宁省沈阳市,郑爽，1991年8月22日出生于辽宁省沈阳市，毕业于北京电影学院，中国内地影视女演员。2009年，郑爽因主演现代剧《一起来看流星雨》进入演艺圈，而她也凭借该系列剧获得第25届中国电视金鹰节电视剧最佳女演员提名。2012年，郑爽凭借个人首部电影《画壁》获得香港电影导演协会年度新演员金奖和第31届香港电影金像奖最佳新人提名。2014年，她因主演仙侠剧《古剑奇谭》而获得第13届电视华鼎奖全国观众最喜欢的影视演员。,https://baike.baidu.com/item/%E9%83%91%E7%88%BD/1966
78,范冰冰,女,1981年9月16日,演员,中国,山东青岛,范冰冰，1981年9月16日出生于山东青岛，华语影视女演员、制片人、流行歌手，毕业于上海师范大学谢晋影视艺术学院。1996年参演首部电视剧《女强人》踏入演艺圈，1998年主演电视剧《还珠格格》获得广泛关注，2002年主演电影《一见钟情》进入影坛。2004年凭借冯小刚执导的电影《手机》获得第27届大众电影百花奖最佳女主角。2013年获好莱坞报道年度最佳国际艺人奖， 2013-2017年连续五年蝉联福布斯中国名人榜榜首。2015年上榜《福布斯》全球十大最高收入女星第4名,https://baike.baidu.com/item/%E8%8C%83%E5%86%B0%E5%86%B0
79,李小璐,女,1981年9月30日,演员,中国,安徽安庆,李小璐，1981年9月30日出生于安徽安庆，毕业于北京美国英语语言学院，中国影视演员。1998年，17岁的李小璐凭借和陈冲合作的《天浴》一片获得台湾电影金马奖最佳女主角奖以及法国水城首届亚洲电影节最佳女演员奖。2000年因主演《都是天使惹得祸》而成名。2007年，凭借《奋斗》中杨晓芸一角再度走红。2008年，发行首张EP《东方美》2012年7月6日，李小璐与贾乃亮举行婚礼；10月23日，李小璐在北京诞下女儿。,https://baike.baidu.com/item/%E6%9D%8E%E5%B0%8F%E7%92%90
80,江疏影,女,1986年9月1日,演员,中国,上海,江疏影，1986年9月1日出生于上海，中国内地女演员，毕业于上海戏剧学院，并取得英国东英格利亚大学传媒经济学硕士学位。2005年，出演情感剧《飞花如蝶》，由此进入演艺圈。2007年，凭借短片《爱·减肥》获得第1届全球华人网络非常短片创意大赛最佳女主角奖。2009年，主演喜剧电影《美女“如云”》。2013年，因在电影《致我们终将逝去的青春》中饰演校花阮莞而为观众熟知，凭借该片获得第8届亚洲电影大奖最佳新演员奖、第5届英国万像国际华语电影节最佳女配角奖等多个奖项。,https://baike.baidu.com/item/%E6%B1%9F%E7%96%8F%E5%BD%B1
81,林志玲,女,1974年11月29日,演员,中国,台湾省台北市,林志玲，1974年11月29日出生于台湾省台北市，华语影视女演员、模特、主持人。2000年，林志玲签约凯渥模特经纪公司并开始职业模特生涯。2002年，林志玲因拍摄某企业电视广告而获得更多关注。并于次年被媒体评选为“台湾第一美女”。2004年，她开始将演艺事业转向内地。2007年，林志玲出演银幕处女作《赤壁》并正式进军影视领域[2]2015年，林志玲开始参加真人秀节目《花样姐姐》,https://baike.baidu.com/item/%E6%9E%97%E5%BF%97%E7%8E%B2
82,宋茜,女,1987年2月2日,演员,中国,山东省青岛市,宋茜（Victoria），1987年2月2日出生于山东省青岛市，中国内地女演员、歌手，亚洲多栖发展女艺人。2008年，宋茜作为演员、广告模特在亚洲地区正式开始演艺活动。2009年，担任女子流行演唱组合f(x)队长，以歌手身份正式出道。2012年，主演都市爱情剧《爱情闯进门》，并凭借该剧获得国剧盛典年度最佳新人女演员奖。2015年12月，主演都市励志剧《美丽的秘密》。2016年12月，凭借古装玄幻剧《幻城》获得国剧盛典年度最具人气女演员奖。,https://baike.baidu.com/item/%E5%AE%8B%E8%8C%9C
83,柳岩,女,1980年11月8日,演员,中国,湖南衡阳,柳岩（Ada），1980年11月8日出生于湖南衡阳，中国内地女演员、歌手、主持人。2000年，柳岩担任广东有线广播电视台信息频道《财经新闻》主持人，从而开始了她的主持生涯。2002年，参加湖南公共频道生活时尚资讯类节目《太太抢鲜看》的录制，担任主持人。2004年，担任广东卫视资讯栏目《粤港澳零距离》主播。2005年，柳岩签约光线传媒。2007年，出演个人首部电影《画皮》，从而正式进入演艺圈。,https://baike.baidu.com/item/%E6%9F%B3%E5%B2%A9
84,马丽,女,1982年6月28日,演员,中国,辽宁省丹东市,马丽，1982年6月28日出生于辽宁省丹东市宽甸满族自治县，先后毕业于中央戏剧学院表演系、北京大学林兆华戏剧研修班，中国内地女演员。2005年加入开心麻花舞台喜剧团队。,https://baike.baidu.com/item/%E9%A9%AC%E4%B8%BD/2746652?fr=aladdin
85,刘亦菲,女,1987年8月25日,演员、歌手,中国,湖北省武汉市,刘亦菲，1987年8月25日出生于湖北省武汉市，华语影视女演员、歌手，毕业于北京电影学院2002级表演系本科班。2002年主演个人首部电视剧《金粉世家》，从而踏入演艺圈。2003年因主演武侠剧《天龙八部》崭露头角[。2004年凭借仙侠剧《仙剑奇侠传》赵灵儿一角获得了高人气与关注度。2005年因在金庸剧《神雕侠侣》中饰演小龙女受到广泛关注。2006年发行首张国语专辑《刘亦菲》；同年，成为金鹰节历史上首位金鹰女神。2007年当选“中国80后十大杰出代表人物”。2008年起转战影坛，并凭借动作片《功夫之王》成为首位荣登IMDB电影新人排行榜榜首的亚洲女星。2009年在“80后新生代娱乐大明星”评选活动中获封“四小花旦”之一,https://baike.baidu.com/item/%E5%88%98%E4%BA%A6%E8%8F%B2/136156
86,唐嫣,女,1983年12月6日,演员,中国,上海市,唐嫣，1983年12月6日出生于上海市，毕业于中央戏剧学院表演系本科班，中国内地影视女演员。2001年，参加第三届舒蕾世纪星选美比赛获得冠军。2004年，因被导演张艺谋选中成为“奥运宝贝”之一，参加雅典奥运会闭幕式“中国8分钟”而被观众熟知。2009年，凭借古装仙侠剧《仙剑奇侠传三》获得关注。2011年1月22日，其主演的都市言情剧《夏家三千金》取得卫视年度收视冠军，而唐嫣亦凭借该剧获得国剧盛典年度网络最受欢迎内地女演员奖。2012年，成立唐嫣工作室,https://baike.baidu.com/item/%E5%94%90%E5%AB%A3
87,韩雪,女,1983年1月11日,演员、歌手、影视制作人,中国,江苏省苏州市,韩雪，1983年1月11日出生于江苏省苏州市姑苏区，中国内地女演员、歌手、影视制作人，毕业于上海戏剧学院表演系。2000年，韩雪参加并获得香港嘉禾影视公司主办的“世纪之星”影视歌新人大赛全国金奖，随后出演其首部大荧幕作品《浪漫樱花》；2003年12月，因在古装武侠剧《飞刀又见飞刀》中扮演冷小星而受到关注；2004年10月15日，发行个人首张音乐专辑《飘雪》，正式开始乐坛旅程，并凭借其获得东方风云榜年度最佳新人奖；2005年12月22日，获得第二届金南方年度最具魅力女演员奖；2006年，凭借古装神话剧《天外飞仙》而人气高涨。,https://baike.baidu.com/item/%E9%9F%A9%E9%9B%AA/168212
88,古力娜扎,女,1992年5月2日,演员、平面模特,中国,新疆乌鲁木齐市,古力娜扎（Gulnazar），1992年5月2日出生于新疆乌鲁木齐市，中国内地影视女演员、平面模特。2011年，古力娜扎考入北京电影学院表演系本科班就读；同年，她签约上海唐人电影制作有限公司，并出演个人首部电视剧《轩辕剑之天之痕》，而她也因此被观众熟知。此后两年，古力娜扎转战大银幕，并出演了警匪片《警察故事2013》、悬疑片《全城通缉》等电影作品。,https://baike.baidu.com/item/%E5%8F%A4%E5%8A%9B%E5%A8%9C%E6%89%8E
89,林允儿,女,1990年5月30日,演员,韩国,韩国首尔,林允儿（Yoona），1990年5月30日出生于韩国首尔永登浦区，韩国女歌手、演员、主持人，女子演唱团体少女时代成员之一。2002年，林允儿参加韩国SM娱乐有限公司的选秀而进入SM公司成为旗下练习生。2007年8月5日，以演唱团体少女时代成员身份正式出道。2008年主演情感剧《你是我的命运》获得第45届韩国百想艺术大赏电视剧类最佳新人女演员奖和人气女演员奖。2009年主演励志爱情剧《乞丐变王子》，凭借该剧获得第46届韩国百想艺术大赏电视剧类人气女演员奖。2010年加入SBS电视台综艺节目《家族诞生2》并担任固定主持人。,https://baike.baidu.com/item/%E6%9E%97%E5%85%81%E5%84%BF
90,邱淑贞,女,1968年5月16日,演员,中国,香港,邱淑贞（ChingmyYau），1968年5月16日出生于中国香港，祖籍广东开平市月山镇，女演员。1987年参选香港小姐，因被指整容而退选，同年签约香港无线电视出道。1988年得到导演王晶的赏识进入影坛，参演电影《最佳损友》。1992年在周星驰电影《鹿鼎记》中饰演建宁公主；。1999年10月31日与沈嘉伟结婚，育有沈月、沈日和沈星三个女儿。,https://baike.baidu.com/item/%E9%82%B1%E6%B7%91%E8%B4%9E
91,孙怡,女,1993年6月4日,演员,中国,吉林省集安市,孙怡（Sun），1993年6月4日出生于吉林省集安市，中国内地影视女演员。2013年，孙怡正式以演员身份出道，并于次年出演了古装剧《芈月传》。2015年，孙怡主演的青春片《我的青春期》在全国上映，而该片则成为入围第28届东京国际电影节主竞赛单元的唯一华语作品；同年，其主演的爱情片《欢·爱》同样成为入围第32届圣丹斯国际电影节主竞赛单元的唯一中国影片 。,https://baike.baidu.com/item/%E5%AD%99%E6%80%A1/17199896
92,胡冰卿,女,1992年1月25日,演员,中国,安徽合肥,胡冰卿，1992年1月25日出生于安徽合肥，中国内地女演员，毕业于上海视觉艺术学院表演系。2012年，主演以倡导国民新女性为主题的微电影《美》而进入演艺圈。2014年，主演古装武侠电视剧《秦时明月》。2015年，在根据明晓溪同名小说改编的青春偶像励志剧《旋风少女》中凭戚百草一角崭露头角。2017年，主演现代青春偶像剧《腾空之约》；同年11月，主演青春热血励志剧《艳势番之新青年》。2018年2月21日，主演的古装传奇剧《独孤天下》在腾讯视频播出，在剧中饰演一代贤后独孤伽罗。,https://baike.baidu.com/item/%E8%83%A1%E5%86%B0%E5%8D%BF
93,宋祖儿,女,1998年5月23日,演员,中国,天津,宋祖儿（lareina），1998年5月23日出生在天津，中国内地影视女演员。2005年，宋祖儿出演了个人第一部影视作品《海阔天高》，开始涉足演艺圈。2007年，第一次登上央视春晚舞台，并表演节目《阳光下的花朵》；同年，由她领衔主演的公益电影《你是天使》上映。2009年，因在古装神话剧《宝莲灯前传》中饰演哪吒而被观众熟知,https://baike.baidu.com/item/%E5%AE%8B%E7%A5%96%E5%84%BF
94,巩俐,女,1965年12月31日,演员,新加坡,辽宁省沈阳市,巩俐（GongLi），1965年12月31日出生于辽宁省沈阳市，祖籍山东省济南市，新加坡籍华裔女演员，毕业于中央戏剧学院，联合国促进和平艺术家，联合国全球环境保护大使。1987年因主演电影《红高粱》成名，该片获得第28届柏林国际电影节金熊奖。1992年凭借电影《秋菊打官司》获得第49届威尼斯国际电影节最佳女演员、第13届中国电影金鸡奖最佳女主角，该片亦获得金狮奖。1993年主演电影《霸王别姬》获得第46届戛纳国际电影节金棕榈奖，成为世界影史第二位主演影片包揽欧洲三大电影节最高奖的演员，并凭借该片获得第71届纽约影评人协会奖最佳女配角；同年获得柏林电影节金摄影机奖。1996年登上美国《时代周刊》封面。1997年担任戛纳电影节评委会成员。,https://baike.baidu.com/item/%E5%B7%A9%E4%BF%90
95,林依晨,女,1982年10月29日,演员、歌手,中国,台湾省台北市,林依晨（ArielLin），1982年10月29日出生于台湾省台北市宜兰县，中国台湾女演员、歌手。2000年，林依晨参加台北捷运报举办的第一届捷运超美少女比赛并获得冠军。2001年，她考入国立政治大学韩文系，其后陆续参与MV及广告的拍摄。2002年，因主演个人首部电视剧作品《十八岁的约定》正式出道。2004年，凭借个人大银幕处女作《飞跃情海》入围金马奖最佳女主角。2006年，因主演古装神话爱情剧《天外飞仙》而成功进军内地市场。2008年，凭偶像剧《恶作剧2吻》获得金钟奖戏剧类最佳女主角，成为偶像剧史上折桂金钟视后的第一人。2009年5月，签约爱贝克思(AVEX)进军歌坛；10月，发行个人首张音乐专辑《幸福遇见》,https://baike.baidu.com/item/%E6%9E%97%E4%BE%9D%E6%99%A8
96,阚清子,女,1988年4月15日,演员,中国,黑龙江省哈尔滨市,阚清子，1988年4月15日出生于黑龙江省哈尔滨市，中国内地影视女演员。2007年，阚清子进入北京电影学院表演系本科班就读。2009年，阚清子在民国年代剧《娘妻》饰演杨静怡正式出道。2011年，凭借古装言情剧《新还珠格格》中的“欣荣格格”一角而被观众所熟知，该剧在优酷大剧盛典上荣获年度十大电视剧优秀奖。2013年，阚清子凭借情感励志剧《璀璨人生》中“腹黑女王”叶琳一角的出色发挥，使其人气与知名度一路飙升，该剧一经开播即数度占据全国同时段收视冠军，后一度创下收视率破4%的好成绩  。,https://baike.baidu.com/item/%E9%98%9A%E6%B8%85%E5%AD%90
97,李沁,女,1990年9月27日,演员,中国,江苏省苏州市,李沁，1990年9月27日出生于江苏省苏州市，中国内地影视女演员，毕业于上海戏剧学院附属戏曲学校。2008年，李沁因在李少红版《红楼梦》中饰演少年薛宝钗而被观众熟知。2010年，李沁凭借在建党90周年献礼片《建党伟业》中饰演杨开慧获得第31届大众电影百花奖最佳新人奖提名。2013年，李沁主演的现代剧《守望的天空》获得了中美电影节优秀中国电视剧金天使奖；同年，李沁主演的都市剧《璀璨人生》获得全国同时段电视剧收视冠军。,https://baike.baidu.com/item/%E6%9D%8E%E6%B2%81/7055
98,景甜,女,1988年7月21日,演员,中国,陕西省西安市,景甜（JingTian），1988年7月21日出生于陕西省西安市，毕业于北京电影学院表演系，华语影视女演员。2006年，景甜发行了个人首张音乐EP《你是谁》，并正式踏上演艺之路。2010年，景甜凭借爱情片《我的美女老板》崭露头角。2011年，景甜因主演古装片《战国》而获得更多关注。2013年开始，其主演的动作片《特殊身份》，警匪片《警察故事2013》，贺岁片《澳门风云》，合计票房超过12亿人民币。2014年，景甜主演了古装剧《班淑传奇》。2015年，她主演的传奇剧《大玉儿传奇》播出,https://baike.baidu.com/item/%E6%99%AF%E7%94%9C
99,王祖贤,女,1967年1月31日,演员,中国,台湾省台北市,王祖贤（JoeyWong），1967年1月31日生于台湾省台北市，华语影视女演员、歌手。1984年，首次主演电影《今年的湖畔会很冷》，其后签约邵氏电影公司到香港发展。1987年，凭借电影《倩女幽魂》中聂小倩一角提名香港电影金像奖最佳女主角。1992年，凭借电影《倩女幽魂Ⅲ：道道道》获得第25届西班牙锡切斯奇幻电影节最佳女主角。1994年后，王祖贤逐渐淡出影视圈。1998年发行了个人国语专辑《与世隔绝》与日语专辑《Angelus》。2004年，王祖贤主演的电影《美丽上海》获得第24届中国电影金鸡奖最佳故事片奖；同年，拍完电影《美丽上海》后宣布息影。,https://baike.baidu.com/item/%E7%8E%8B%E7%A5%96%E8%B4%A4
100,张子枫,女,2001年8月27日,演员,中国,河南省三门峡市,张子枫，2001年8月27日出生于河南省三门峡市，中国内地女演员。在5岁时，张子枫开始拍广告并因参演多部电视剧从而进入演艺圈。2009年，凭灾难情感片《唐山大地震》的“小方登”一角而崭露头角，并获得第31届大众电影百花奖最佳新人奖。2010年，主演了年代亲情剧《我的父亲是板凳》。2011年，主演家庭情感剧《情感战争》。2015年，在动作悬疑片《唐人街探案》中饰演神秘少女思诺；之后，主演都市家庭情感剧《小别离》。,https://baike.baidu.com/item/%E5%BC%A0%E5%AD%90%E6%9E%AB
101,金南珠,女,1995年4月15日,歌手,韩国,韩国,金南珠（KimNamJoo），1995年4月15日出生于韩国，韩国歌手，女子组合Apink成员。2011年4月，作为Apink组合成员以首张迷你专辑《Seven Springs Of Apink》正式出道  。2013年7月5日发行专辑《Secret Garden》及第二张混音单曲《BUBIBU》  。2014年3月，推出作品《Mr. Chu》，并推出专辑《Pink Blossom》回归乐坛。,https://baike.baidu.com/item/%E9%87%91%E5%8D%97%E7%8F%A0/7030524
102,刘涛,女,1978年7月12日,演员,中国,江西南昌,刘涛，1978年7月12日出生于江西南昌，中国内地影视女演员、歌手。2000年，因出演情景剧《外来媳妇本地郎》进入演艺圈。2003年，凭借古装剧《还珠格格3之天上人间》被观众熟知；同年，她还因古装武侠剧《天龙八部》获得金南方奖最具魅力女演员奖。,https://baike.baidu.com/item/%E5%88%98%E6%B6%9B/10796
103,梁洛施,女,1988年6月23日,歌手、演员,中国,中国澳门,"梁洛施，1988年6月23日生于中国澳门，中英葡混血，中国香港女歌手、演员。
梁洛施12岁加入香港英皇娱乐唱片公司进入演艺圈，16岁正式出道。2005年，参演个人首部电影《虫不知》，饰演小月；同年在古装喜剧片《情癫大圣》中饰演红孩儿。2007年在中国台湾女同志片《刺青》中饰演竹子。2009年4月26日，梁洛施为李嘉诚次子李泽楷生下一子李长治。2010年6月，再次产下一对男双胞胎。2011年2月26日，梁洛施与李泽楷分手。2014年，梁洛施参演电影《念念》正式复出。",https://baike.baidu.com/item/%E6%A2%81%E6%B4%9B%E6%96%BD
104,高圆圆,女,1979年10月5日,演员、模特,中国,北京市,高圆圆，1979年10月5日出生于北京市，中国内地影视女演员、模特。1996年，高圆圆被广告公司发掘，随后拍摄大量的商业广告，在广告圈中崭露头[。1997年，主演了个人首部大银幕作品《爱情麻辣烫》，从此开始了她的演艺生涯。2003年，凭借古装武侠爱情剧《倚天屠龙记》受到广泛关注。2005年，因在剧情片《青红》中饰演女主人公青红入围戛纳电影节最佳女主角奖。2006年，凭借喜剧动作片《宝贝计划》入围百花奖最佳女演员提名。2007年因在爱情电影《男才女貌》中饰演聋哑幼师秦小悠获得第11届电影表演艺术学会奖新人奖 。,https://baike.baidu.com/item/%E9%AB%98%E5%9C%86%E5%9C%86
105,谢娜,女,1981年5月6日,主持人、歌手、女演员,中国,四川省德阳市,谢娜，1981年5月6日出生于四川省德阳市中江县，毕业于四川师范大学电影电视学院（今四川电影电视学院），中国内地主持人、歌手、影视女演员。1996年，谢娜拍摄了个人第一部电影《青年刘伯承》。2002年，因主持湖南卫视嘉宾访谈游戏秀节目《快乐大本营》被观众熟知。2008年，参演古装武侠剧《射雕英雄传》。2013年，主演喜剧片《快乐大本营之快乐到家》；同年，她还获得中国大学生电视节最受大学生喜爱的电视节目主持人奖[,https://baike.baidu.com/item/%E8%B0%A2%E5%A8%9C
106,山口百惠,女,1959年1月17日,演员、歌手,日本,日本东京,山口百惠，1959年1月17日生于日本东京都涩谷区惠比寿，日本影视演员、歌手。1972年12月，山口百惠在第五届“明星诞生”歌唱比赛中，以《回转木马》一曲获得第二名，崭露头角，正式出道。1974年，主演的第一部电影《伊豆的舞女》上映，这是她第一次和三浦友和共同演出。1975年，举办了第一次个人演唱会并第一次入选“红白歌曲大赛”并且拍摄了电影《潮骚》、《初恋时代》和《绝唱》及第一部电视剧《血疑》。1979年，入选“红白歌唱大赛”并获“日本唱片大赏”及“日本歌谣大赏”优秀歌唱赏。1980年10月5日，山口百惠发表引退宣言。1980年11月19日，山口百惠和三浦友和举行婚礼，其后，山口百惠退出娱乐圈。,https://baike.baidu.com/item/%E5%B1%B1%E5%8F%A3%E7%99%BE%E6%83%A0/30018?fr=aladdin
107,佟丽娅,女,1984年8月8日,演员,中国,新疆伊犁,佟丽娅，1984年8月8日出生于新疆伊犁，毕业于中央戏剧学院表演系本科班，中国内地影视女演员。2006年，学生时期的佟丽娅便因出演情感剧《新不了情》而踏入影视领域。2008年，佟丽娅因在古装剧《母仪天下》中饰演赵飞燕而崭露头角。2011年开始，佟丽娅凭借穿越剧《宫锁心玉》、爱情剧《北京爱情故事》获得更多关注。2012年，她凭借在多部影视剧中的表现获得亚洲偶像盛典年度最具实力女演员。2016年，佟丽娅凭借现代剧《平凡的世界》获得第19届华鼎奖中国当代题材电视剧最佳女演员和第28届中国电视金鹰奖观众喜爱的女演员奖,https://baike.baidu.com/item/%E4%BD%9F%E4%B8%BD%E5%A8%85
108,马思纯,女,1988年3月14日,演员,中国,安徽省蚌埠市,马思纯（Sandra），1988年3月14日出生于安徽省蚌埠市，毕业于中国传媒大学，中国内地影视女演员。1995年，马思纯参演个人首部电影《三个人的冬天》。2000年，马思纯参演个人首部电视剧《大宅门》。2007年，她因担任饶雪漫小说《甜酸》的书模而为人所知。2008年，马思纯主演了爱情剧《恋人》。2011年，马思纯出演了都市剧《摩登新人类》。2012年，她凭借电影《岁月无声》获得中国电影表演艺术学会金凤凰奖最佳新人奖,https://baike.baidu.com/item/%E9%A9%AC%E6%80%9D%E7%BA%AF
109,杨紫,女,1992年11月6日,演员、流行乐歌手,中国,北京市,杨紫，1992年11月6日出生于北京市，毕业于北京电影学院2010级表演系本科班，中国内地影视女演员、流行乐歌手。2002年，因出演古装历史情感剧《孝庄秘史》开始崭露头角。因主演情景喜剧《家有儿女》被观众熟知。2012年，凭借惊悚片《守株人》获得第14届中国电影表演艺术学会金凤凰奖新人奖。2016年，凭借都市职场女性剧《欢乐颂》提名第23届上海电视节白玉兰奖最佳女配角；同年，她还还与其她三位女艺人共同被南都娱乐周刊评为“90后四小花旦”,https://baike.baidu.com/item/%E6%9D%A8%E7%B4%AB
110,程潇,女,1998年7月15日,歌手,中国,广东省深圳市,程潇，1998年7月15日出生于广东省深圳市，中国内地流行乐女歌手，女子演唱组合宇宙少女成员，毕业于深圳艺术学校。2016年2月，程潇随宇宙少女发行首张迷你专辑《WOULDYOULIKE？》并正式出道；3月，程潇随宇宙少女在中国出道；5月，随宇宙少女获得MCountdowninChina亚洲强音盛典最佳新人奖；8月，随宇宙少女发行第二张迷你专辑《THESECRET》。2017年1月，程潇随宇宙少女推出第三张迷你专辑《From.WJSN》；4月，程潇获得第十七届音乐风云榜年度盛典”偶像新势力“奖。2018年1月，担任竞演类真人秀节目《偶像练习生》的舞蹈导师,https://baike.baidu.com/item/%E7%A8%8B%E6%BD%87/19428863
111,孙俪,女,1982年9月26日,演员、歌手,中国,上海市,孙俪，原名孙丽，1982年9月26日出生于上海市，中国内地女演员、歌手。2001年，参加新加坡“新传媒8频道”举行的“才华横溢出新秀”，获得亚军及智慧大奖，随后签约海润影视，正式出道；2004年，凭借电视剧《玉观音》中安心一角荣获第22届中国电视金鹰奖最具人气女演员奖、最受观众喜爱的电视剧女演员奖、等多种奖项；2012年，孙俪凭借在清宫剧《后宫甄嬛传》中饰演甄嬛入围第41届国际艾美奖最佳女主角奖，并获得国剧盛典最佳女主角；2014年，因出演时装剧《辣妈正传》荣获第20届上海电视节白玉兰奖最佳女演员奖、2016年6月，孙俪凭借饰演芈月获得第22届上海电视节白玉兰奖最佳女主角奖  。,https://baike.baidu.com/item/%E5%AD%99%E4%BF%AA
112,周冬雨,女,1992年1月31日,演员,中国,河北省石家庄市,周冬雨，1992年1月31日出生于河北省石家庄市，毕业于北京电影学院2011级本科班，中国内地影视女演员。2010年，因主演张艺谋执导电影《山楂树之恋》被观众熟知，并凭借此片获得第14届中国电影华表奖优秀新人女演员奖、第56届西班牙巴利亚多利德国际电影节最佳女演员等多个奖项。2014年，因主演青春爱情电影《同桌的你》获得第15届华语电影传媒大奖年度最受瞩目女演员奖。2015年担任中国电影节形象大使。2016年，凭借电影《七月与安生》获得第53届台湾电影金马奖最佳女主角、第2届金砖国家电影节最佳女主角及第23届香港电影评论学会大奖最佳女演员,https://baike.baidu.com/item/%E5%91%A8%E5%86%AC%E9%9B%A8
113,刘诗诗,女,1987年3月10日,演员、影视出品人,中国,北京市,刘诗诗，原名刘诗施，1987年3月10日出生于北京市，中国内地影视女演员、影视出品人。2002年，考入北京舞蹈学院芭蕾舞专业本科班学习。2004年，因在爱情剧《月影风荷》中饰演女主角叶风荷而踏入演艺圈。2010年，凭借仙侠剧《仙剑奇侠传三》受到更多关注。2011年，因在宫廷剧《步步惊心》中饰演马尔泰·若曦而赢得颇高人气，并获得第十八届上海电视节白玉兰奖最具人气女演员奖等奖项[。2012年，凭借仙侠剧《轩辕剑之天之痕》获得国剧盛典年度最具人气女演员奖。2013年，在“新生代四小花旦”评选活动中，刘诗诗与其她三位女演员共同被评为内地新“四小花旦”。2015年1月20日，刘诗诗与吴奇隆登记结婚[。2016年，凭借古装剧《女医·明妃传》获得首届中国电视剧品质盛典年度最具影响力演员,https://baike.baidu.com/item/%E5%88%98%E8%AF%97%E8%AF%97
114,翁虹,女,1968年9月17日,演员、歌手,中国,香港,翁虹，1968年9月17日生于香港特别行政区，香港影视女演员、歌手，毕业于香港演艺学院舞蹈系。1989年，翁虹参选亚洲小姐并获冠军，与亚洲电视台签约进入娱乐圈。1998年，翁虹参演电视剧《春光灿烂猪八戒》，扮演妙妙一角。2007年1月，翁虹与专业健身管理师刘冠廷结婚，并于同年10月诞下一女。2009年5月10日，在“母婴平安120行动优品名流慈善夜”中荣获“公益之星”大奖。2013年在2013MSN时尚影响力大典中荣获年度最具爱心影响力艺人,https://baike.baidu.com/item/%E7%BF%81%E8%99%B9
115,王菲,女,1969年8月8日,演员、歌手,中国,北京,王菲（Faye Wong），1969年8月8日出生于北京，中国流行乐女歌手、影视演员 、中国国家一级演员。1989年凭借歌曲《仍是旧句子》在香港歌坛出道，同年发行首张个人专辑《王靖雯》。1992年因演唱歌曲《容易受伤的女人》而被听众所熟知。2006年11月，成立嫣然基金会。2012年5月，成为北京嫣然天使儿童医院的创始人之一。,https://baike.baidu.com/item/%E7%8E%8B%E8%8F%B2/11029
116,姚明,男,1980年9月12日,中国职业篮球运动员,中国,上海市,姚明，1980年9月12日出生于上海市徐汇区，祖籍江苏省苏州市吴江区震泽镇，前中国职业篮球运动员，司职中锋，现任中职联公司董事长兼总经理。1998年4月，姚明入选王非执教的国家队，开始篮球生涯。2001夺得CBA常规赛MVP，2002年夺得CBA总冠军以及总决赛MVP，分别3次当选CBA篮板王以及盖帽王，2次当选CBA扣篮王。在2002年NBA选秀中，他以状元秀身份被NBA的休斯敦火箭队选中。2009年，姚明收购上海男篮，成为上海大鲨鱼篮球俱乐部老板。2011年7月20日，姚明正式宣布退役。,https://baike.baidu.com/item/%E5%A7%9A%E6%98%8E/28
117,林丹,男,1983年10月14日,中国羽毛球男子单打项目运动员,中国,福建省龙岩市,林丹，汉族，1983年10月14日生于福建省龙岩市上杭县临江镇。中国羽毛球男子单打项目运动员。2008年北京奥运会、2012年伦敦奥运会羽毛球男单冠军。羽毛球运动历史上第一位集奥运会、世锦赛、世界杯、亚运会、亚锦赛、全英赛、全运会以及多座世界羽联超级系列赛冠军于一身的双圈全满贯球员。被誉为中国羽球一哥，世界羽毛球四大天王之一。,https://baike.baidu.com/item/%E6%9E%97%E4%B8%B9/2674
118,刘翔,男,1983年7月13日,中国男子田径队110米栏运动员,中国,上海市,刘翔，1983年7月13日出生于上海市普陀区，中国男子田径队110米栏运动员。中国体育田径史上、也是亚洲田径史上第一个集奥运会冠军、室内室外世锦赛冠军、国际田联大奖赛总决赛冠军、世界纪录保持者多项荣誉于一身的运动员。,https://baike.baidu.com/item/%E5%88%98%E7%BF%94/5836
119,郭晶晶,女,1981年10月15日,中国跳水队运动员，奥运会冠军,中国,河北保定,"郭晶晶，1981年10月15日生于河北保定，前中国跳水队运动员，奥运会冠军。
2004年，郭晶晶在雅典奥运会获得女子单人3米板与女子双人3米板两枚金牌，这让她成为中国跳水的领军人物。2011年1月22日，郭晶晶正式宣布退役。2012年11月7日，郭晶晶与霍启刚结婚，郭晶晶为霍启刚诞下一名男婴。2016年4月，参与录制《极速前进第三季》  。2017年4月24日，郭晶晶顺利生女。",https://baike.baidu.com/item/%E9%83%AD%E6%99%B6%E6%99%B6/965689
120,易建联,男,1987年10月27日,中国职业篮球运动员,中国,广东省鹤山市,易建联，1987年10月27日出生于中国广东省鹤山市，中国职业篮球运动员，司职大前锋/中锋，毕业于广东工业大学，效力于CBA广东东莞银行队。,https://baike.baidu.com/item/%E6%98%93%E5%BB%BA%E8%81%94
121,叶诗文,女,1996年3月1日,中国国家游泳队女运动员,中国,浙江杭州,"叶诗文，1996年3月1日生于浙江杭州，中国国家游泳队女运动员。2010年，14岁首次参加亚运会就夺得女子200米、400米个人混合泳冠军；2011年上海世锦赛上夺得200米混冠军；2012年伦敦奥运会上，女子400米混决赛中，以4分28秒43的成绩夺得冠军并打破世界纪录；在女子200混比赛中，两次打破奥运会纪录，创造了中国游泳个人单届获得两项奥运冠军的历史。2012年底，土耳其伊斯坦布尔短池世锦赛比赛夺冠后成为中国泳坛第一个大满贯得主。2013年辽宁全运会200混夺冠后，叶诗文拿完包括全运会、亚运会、游泳世界杯、长池世锦赛、短池世锦赛、奥运会在内的所有国内外重大比赛的金牌，成为中国泳坛首个金满贯。
2018年1月30日，当选为浙江省出席第十三届全国人民代表大会代表。",https://baike.baidu.com/item/%E5%8F%B6%E8%AF%97%E6%96%87
122,李宗伟,男,1982年10月21日,马来西亚羽毛球男子单打运动员,马来西亚,马来西亚槟城州,李宗伟，1982年10月21日出生于马来西亚槟城州，祖籍福建省泉州市南安县。马来西亚羽毛球男子单打运动员。被誉为马来西亚羽球一哥，世界羽毛球界四大天王之一。2008、2012、2016年奥运会羽毛球男单亚军，也是历史上第一位连续三届奥运会打进羽毛球男单决赛的运动员。,https://baike.baidu.com/item/%E6%9D%8E%E5%AE%97%E4%BC%9F/10996172
123,福原爱,女,1988年11月1日,日本乒乓球运动员,日本,日本宫城县仙台市,福原爱，1988年11月1日出生于日本宫城县仙台市，日本乒乓球运动员。2000年，成为历史上年龄最小的日本国家队成员。2004年参加雅典奥运会，是日本历史上参加奥运会年龄最小的选手。2007年10月参加ITTF奥地利公开赛，与平野早矢香获得双打冠军。2011年福原爱加入广东女乒，参加2011赛季中国乒乓球超级联赛。2012年参加伦敦奥运会，并获得女子乒乓球团体亚军。2016年参加第53届世乒赛团体赛，获得女子乒乓球团体亚军。2016年8月11日，获得里约奥运会乒乓球女单第4名。2017年1月1日在台北举办结婚典礼,https://baike.baidu.com/item/%E7%A6%8F%E5%8E%9F%E7%88%B1
124,刘诗雯,女,1991年4月12日,中国女子乒乓球队运动员,中国,辽宁抚顺,刘诗雯，1991年4月12日出生于辽宁抚顺，中国女子乒乓球队运动员，现就读于华南理工大学工商管理专业。刘诗雯5岁开始练习乒乓球，7岁进入广州伟伦体校，正式开始了自己的乒球生涯。11岁进入广东省队。2004年2月进入国家二队，2004年7月取得乒乓球亚洲少年赛团体冠军和女双冠军；2007年获得全锦赛冠军。2016年8月17日，里约奥运会乒乓球女团决赛，刘诗雯和队友（李晓霞、丁宁）横扫德国强势夺冠，实现奥运会3连冠。,https://baike.baidu.com/item/%E5%88%98%E8%AF%97%E9%9B%AF
125,邓亚萍,女,1973年2月6日,中国女子乒乓球队运动员,中国,河南省郑州市,邓亚萍，1973年2月6日生于河南省郑州市，原中国女子乒乓球队运动员，奥运冠军，乒乓球大满贯得主，现为河南邓亚萍体育产业投资基金创始人。,https://baike.baidu.com/item/%E9%82%93%E4%BA%9A%E8%90%8D
126,孙悦,男,1985年12月6日,中国篮球运动员,中国,河北省沧州市,孙悦，1985年12月6日出生于河北省沧州市，中国篮球运动员，司职后卫，效力于北京首钢队。1995年，10岁的孙悦开始打篮球，从此步入职业生涯。2007年被湖人在第二轮总第40顺位选中，2008年8月8日签约美国NBA洛杉矶湖人队，2009年8月1日被洛杉矶湖人队裁掉。2009年9月15日，孙悦与纽约尼克斯队签约。10月8日，尼克斯队与孙悦解约。2014年9月，租借至北京男篮，帮助球队夺得2013-14赛季CBA总冠军，从而成为历史上第一个同时拥有NBA和CBA总冠军戒指的球员。,https://baike.baidu.com/item/%E5%AD%99%E6%82%A6/1534181
127,李娜,女,1982年2月26日,中国女子网球运动员,中国,湖北省武汉市,李娜，1982年2月26日出生于湖北省武汉市，中国女子网球运动员。2008年北京奥运会女子单打第四名，2011年法国网球公开赛、2014年澳大利亚网球公开赛女子单打冠军，亚洲第一位大满贯女子单打冠军，亚洲历史上女单世界排名最高选手。毕业于华中科技大学。,https://baike.baidu.com/item/%E6%9D%8E%E5%A8%9C/5285
128,孙杨,男,1991年12月1日,中国国家游泳队队长,中国,浙江杭州,孙杨，1991年12月1日生于浙江杭州，中国国家游泳队队长，男子1500米自由泳世界纪录保持者，男子400米自由泳奥运会纪录保持者。2012年伦敦奥运会男子400米自由泳、男子1500米自由泳冠军；2016年里约奥运会男子200米自由泳冠军。孙杨是世界泳坛历史上唯一一位男子200米自由泳、男子400米自由泳、男子1500米自由泳的奥运会世锦赛大满贯冠军得主，史上唯一一位男子800米自由泳世锦赛三连冠，男子自由泳个人单项金牌数居世界第一。孙杨是亚洲唯一一位男子200米自由泳奥运会及世锦赛金牌得主，亚洲唯一一位获得世锦赛MVP的游泳运动员。,https://baike.baidu.com/item/%E5%AD%99%E6%9D%A8/1012
129,郎平,女,1960年12月10日,中国女子排球运动员,中国,中国天津市,郎平，1960年12月10日出生于中国天津市，前中国女子排球运动员，奥运冠军，现任中国女排总教练、中国排球学院院长。,https://baike.baidu.com/item/%E9%83%8E%E5%B9%B3/58857
130,罗汉琛,男,1994年8月23日,篮球运动员,中国,湖南长沙,罗汉琛，1994年8月23日出生于湖南长沙，目前身高185cm，篮球运动员，司职后卫，效力于上海队。[1]  [2]  2017年05月23日上海官方宣布罗汉琛加盟 。,https://baike.baidu.com/item/%E7%BD%97%E6%B1%89%E7%90%9B
131,马云,男,1964年9月10日,阿里巴巴集团董事局主席,中国,浙江省杭州市,马云，男，1964年9月10日生于浙江省杭州市，祖籍浙江省嵊州市（原嵊县）谷来镇，阿里巴巴集团主要创始人，现担任阿里巴巴集团董事局主席、日本软银董事、大自然保护协会中国理事会主席兼全球董事会成员、华谊兄弟董事、生命科学突破奖基金会董事。,https://baike.baidu.com/item/%E9%A9%AC%E4%BA%91/6252
132,马化腾,男,1971年10月29日,腾讯公司主要创办人之一,中国,广东省汕头市,马化腾，男，1971年10月29日生于广东省汕头市潮南区。腾讯公司主要创办人之一。现任腾讯公司控股董事会主席兼首席执行官；全国青联副主席。2017年8月7日，腾讯股价盘中再创历史新高价320.6港元，马化腾身家361亿美元成为中国首富。,https://baike.baidu.com/item/%E9%A9%AC%E5%8C%96%E8%85%BE
133,刘强东,男,1974年2月14日,京东集团董事局主席兼执行官,中国,江苏省宿迁市,刘强东，京东集团董事局主席兼执行官，1974年2月14日出生于江苏省宿迁市 ，毕业于中国人民大学，民建会员。1998年6月18日，在中关村创办京东公司，代理销售光磁产品，并担任总经理。2004年，初涉足电子商务领域，创办“京东多媒体网”（京东商城的前身），并出任CEO。目前，京东商城已成为中国最大的自营式电商企业，而京东集团的业务也从电子商务扩展至金融、技术领域，拥有近12万名正式员工，跻身全球前十大互联网公司排行榜。2014年5月，京东在美国纳斯达克成功上市 。,https://baike.baidu.com/item/%E5%88%98%E5%BC%BA%E4%B8%9C
134,李彦宏,男,1968年11月17日,百度公司创始人,中国,山西阳泉,李彦宏，百度公司创始人、董事长兼首席执行官，全面负责百度公司的战略规划和运营管理。1991年，李彦宏毕业于北京大学信息管理专业，随后前往美国布法罗纽约州立大学完成计算机科学硕士学位。2000年1月，李彦宏创建了百度。经过十多年的发展，百度已经发展成为全球第二大独立搜索引擎和最大的中文搜索引擎。百度的成功，也使中国成为美国、俄罗斯和韩国之外，全球仅有的4个拥有搜索引擎核心技术的国家之一。2005年，百度在美国纳斯达克成功上市，并成为首家进入纳斯达克成分股的中国公司。百度已经成为中国最具价值的品牌之一。,https://baike.baidu.com/item/%E6%9D%8E%E5%BD%A6%E5%AE%8F
135,雷军,男,1969年12月,小米科技创始人、董事长,中国,湖北仙桃,雷军（全国工商联副主席，小米科技创始人、董事长），1969年12月出生于湖北仙桃，毕业于武汉大学，是中国大陆著名天使投资人。雷军作为中国互联网代表人物及全球年度电子商务创新领袖人物，曾获中国经济年度人物及十大财智领袖人物、中国互联网年度人物[等多项国内外荣誉，并当选《福布斯》（亚洲版）2014年度商业人物。,https://baike.baidu.com/item/%E9%9B%B7%E5%86%9B/1968
136,贾跃亭,男,1973年2月6日,乐视控股集团创始人，乐视汽车生态全球董事长,中国,山西襄汾人,贾跃亭，男，汉族，1973年2月6日出生，山西襄汾人，乐视控股集团创始人，乐视汽车生态全球董事长。2004年创建乐视网，于2010年8月在创业板上市，致力于打造基于视频产业、内容产业和智能终端的“平台+内容+终端+应用”完整生态系统，被业界称为“乐视模式”。,https://baike.baidu.com/item/%E8%B4%BE%E8%B7%83%E4%BA%AD
137,李开复,男,1961年12月3日,信息产业的经理人、创业者和电脑科学的研究者,中国,台湾省新北市,李开复，1961年12月3日出生于台湾省新北市中和区，祖籍四川成都，现已移居北京市。李开复曾就读于卡内基梅隆大学，获计算机学博士学位，后担任副教授。他是一位信息产业的经理人、创业者和电脑科学的研究者。曾在苹果、SGI、微软和Google等多家IT公司担当要职。2009年9月从谷歌离职后创办创新工场，并任董事长兼首席执行官。,https://baike.baidu.com/item/%E6%9D%8E%E5%BC%80%E5%A4%8D
138,任正非,男,1944年10月25日,华为技术有限公司主要创始人、总裁,中国,贵州省镇宁县,"任正非，是华为技术有限公司主要创始人、总裁。1944年10月25日出生于贵州省镇宁县，祖籍浙江省浦江县。2003年，任正非荣膺网民评选的""2003年中国IT十大上升人物""；2005年入选美国《时代》杂志全球一百位最具影响力人物；2011年，任正非以11亿美元首次进入福布斯富豪榜，排名全球第1153名，中国第92名。",https://baike.baidu.com/item/%E4%BB%BB%E6%AD%A3%E9%9D%9E
139,罗永浩,男,1972年1月8日,锤子科技创始人,中国,吉林省延边朝鲜族自治州,罗永浩（锤子科技创始人），男，1972年出生于吉林省延边朝鲜族自治州和龙县（今和龙市）。锤子科技创始人。曾先后创办过牛博网、老罗英语培训学校，并著有《我的奋斗》一书。,https://baike.baidu.com/item/%E7%BD%97%E6%B0%B8%E6%B5%A9/26814
140,柳传志,男,1944年4月29日,企业家、投资家,中国,江苏镇江,柳传志，出生于江苏镇江，曾任联想控股有限公司总裁、董事局主席，2011年11月2日卸任。现任联想集团有限公司董事局名誉主席，联想集团高级顾问。企业家、投资家、泰山会成员、全球CEO发展大会联合主席。,https://baike.baidu.com/item/%E6%9F%B3%E4%BC%A0%E5%BF%97
141,董明珠,女,1954年8月,珠海格力电器股份有限公司董事长,中国,江苏南京,董明珠（珠海格力电器股份有限公司董事长），出生于江苏南京，企业家，先后毕业于安徽芜湖职业技术学院、中南财经政法大学EMBA2008级、中国社会科学院经济学系研究生班、中欧国际工商学院EMBA。2017年1月10日，董明珠荣获“2016十大经济年度人物”,https://baike.baidu.com/item/%E8%91%A3%E6%98%8E%E7%8F%A0/1133
142,王健林,男,1954年10月24日,万达集团股份有限公司董事长,中国,四川省广元市,王健林，男，1954年10月24日生于四川省广元市苍溪县，1989年起担任大连万达集团股份有限公司董事长。《2017年福布斯全球富豪排行榜》发布，王健林以净资产313亿美元超过李嘉诚，成为亚洲首富。 ,https://baike.baidu.com/item/%E7%8E%8B%E5%81%A5%E6%9E%97/1065126
143,王石,男,1951年1月,万科集团创始人、董事会名誉主席,中国,广西柳州,王石（万科集团创始人、董事会名誉主席），男，1951年1月生，原籍安徽金寨，生于广西柳州，兰州交通大学（原兰州铁道学院）给排水专业毕业，万科企业股份有限公司创始人，原任集团董事会主席，兼任中国房地产协会常务理事、中国房地产协会城市住宅开发委员会副主任委员、深圳市房地产协会副会长，深圳市总商会副会长等职。,https://baike.baidu.com/item/%E7%8E%8B%E7%9F%B3/1796370
144,王思聪,男,1988年1月3日,北京普思投资有限公司董事长、IG电子竞技俱乐部创始人、万达集团董事,中国,辽宁省大连市,王思聪，1988年1月3日出生于辽宁省大连市，毕业于伦敦大学学院哲学系，万达集团董事长王健林的独子，北京普思投资有限公司董事长、IG电子竞技俱乐部创始人、万达集团董事。,https://baike.baidu.com/item/%E7%8E%8B%E6%80%9D%E8%81%AA/57581
145,陈欧,男,1983年2月4日,聚美优品创始人兼CEO,中国,四川德阳,陈欧，1983年2月4日出生于四川德阳，中国企业家、聚美优品创始人兼CEO。16岁留学新加坡就读南洋理工大学，大学期间曾成功创办在线游戏平台GGGame。26岁获得美国斯坦福大学MBA学位，2009年回国创业，迅速成为中国80后青年的创业榜样。2012年、2013年，陈欧两次荣登福布斯中文版评出的“中国30位30岁以下创业者名单”，并荣获“2014年中国互联网十大风云人物”称号。,https://baike.baidu.com/item/%E9%99%88%E6%AC%A7/21946
146,李嘉诚,男,1928年7月29日,长江和记实业有限公司及长江实业地产有限公司主席,中国,广东潮州潮安县,李嘉诚（1928年7月29日），汉族，出生于广东潮州潮安县，祖籍福建莆田，长江和记实业有限公司及长江实业地产有限公司主席。是香港开埠后第三任首富。2018年3月16日，李嘉诚正式宣布退休。,https://baike.baidu.com/item/%E6%9D%8E%E5%98%89%E8%AF%9A/1044
147,乐嘉,男,1975年5月16日,主持人，作家，中国性格色彩研究中心创办人,中国,上海,乐嘉，1975年5月16日出生于上海，祖籍浙江省宁波市，中国大陆主持人，作家，中国性格色彩研究中心创办人，“FPA性格色彩”创始人，演讲家和培训导师，上海大学悉尼工商学院、西北大学管理学院、以及河海大学的客座教授及清华长三角研究院、上海戏剧学院、武汉大学、中山大学的特聘导师。20102013年乐嘉担任江苏卫视《非诚勿扰》节目嘉宾，并因此在电视荧幕上为众人所知。2013年7月担任安徽卫视《超级演说家》导师。2015年11月21日，担任CCTV《了不起的挑战》节目主持人。,https://baike.baidu.com/item/%E4%B9%90%E5%98%89
148,刘晓庆,女,1955年10月30日,演员,中国,重庆涪陵,刘晓庆，1955年10月30日出生于重庆涪陵，1970年毕业于四川音乐学院附中。1973年被八一电影制片厂选中，担任《南海长城》女主角，从此跃上银幕。1975年，进入中华人民共和国全国青年联合会委员，三个月后走上银幕。1979年凭《小花》崭露头角。1980年正式调入北京电影制片厂。同年因出演《瞧这一家子》获得第3届大众电影百花奖最佳配角奖,https://baike.baidu.com/item/%E5%88%98%E6%99%93%E5%BA%86/18440
149,金星,女,1967年8月13日,舞蹈家、脱口秀主持人,中国,辽宁沈阳,金星，1967年8月13日出生在辽宁沈阳，中国舞蹈家、脱口秀主持人。1978年加入沈阳军区前进歌舞团。1984年毕业于解放军艺术学院舞蹈系。1995年接受变性手术。2011年担任《舞林大会》评委。2012年主持个人脱口秀节目《金星撞火星》。2014年在《舞林争霸》中担任导师。2015年1月，主持个人脱口秀节目《金星秀》。2015年3月，在《超级演说家》担任导师 。,https://baike.baidu.com/item/%E9%87%91%E6%98%9F/3456513
150,杨澜,女,1968年3月31日,主持人、媒体人、传媒企业家、慈善家,中国,北京,杨澜，1968年3月31日生于北京。中国电视节目主持人、媒体人、传媒企业家、慈善家。阳光媒体集团主席和阳光文化基金会主席。第十届、十一届、十二届全国政协委员。1990年至1994年担任中央电视台《正大综艺》节目主持人，并于1994年获中国第一届主持人“金话筒奖”；之后赴美深造，毕业于美国哥伦比亚大学国际及公共事务学院，获国际事务硕士学位；之后加盟香港凤凰卫视，开创中国电视第一个深度高端访谈节目《杨澜访谈录》，截至2014年已访问过全球700余位人物，在全球华语观众中具有较高美誉度。,https://baike.baidu.com/item/%E6%9D%A8%E6%BE%9C/12843
151,何炅,男,1974年4月28日,主持人、影视演员、流行乐歌手,中国,湖南长沙,何炅，1974年4月28日出生湖南长沙，中国内地主持人、影视演员、流行乐歌手、中国电视艺术家协会主持人专业委员会副主任。1995年，主持央视节目《大风车》。1998年起，主持湖南卫视《快乐大本营》。2004年，获得第二十二届中国电视金鹰奖优秀主持人奖  。,https://baike.baidu.com/item/%E4%BD%95%E7%82%85
152,沈梦辰,女,1989年6月13日,主持人、演员、模特,中国,湖南省湘西吉首市,沈梦辰，1989年6月13日出生于湖南省湘西吉首市，毕业于湖南大学06级表演系本科，中国内地女主持人、演员、模特。2008年，沈梦辰参加湖南娱乐频道“年度星姐选举”总决赛，并荣获最佳上镜奖。2010年，担任湖南娱乐频道综艺时尚类节目《好女人》的主持人，从而正式开启了她的主持生涯。,https://baike.baidu.com/item/%E6%B2%88%E6%A2%A6%E8%BE%B0
153,吴昕,女,1983年1月29日,主持人、演员,中国,辽宁省沈阳市,吴昕（Orfila），1983年1月29日出生于辽宁省沈阳市，中国电视节目主持人、演员。2003年10月，吴昕开始担任大连电视台《时尚十分》栏目的兼职主持人。2006年1月，吴昕获得“闪亮新主播”亚军，并签约湖南卫视，与何炅、李维嘉、谢娜、杜海涛一起主持娱乐节目《快乐大本营》。2009年，吴昕与杜海涛携手出新书《木土日斤》。,https://baike.baidu.com/item/%E5%90%B4%E6%98%95/6540103
154,吴宗宪,男,1962年9月26日,主持人,中国,台湾省台南市,"吴宗宪，1962年9月26日生于台湾省台南市，中国台湾歌手及综艺节目主持人。
1987年，发行第一张华语专辑《是不是这样的夜晚你才会这样的想起我》。1994年，发行第一张闽南语专辑《真心换绝情》，获得该年度金曲奖。2007年10月，吴宗宪以中视综艺节目《周日八点党》再度入围2007电视金钟奖“娱乐综艺节目主持人奖”",https://baike.baidu.com/item/%E5%90%B4%E5%AE%97%E5%AE%AA/29494
155,撒贝宁,男,1976年3月23日,主持人,中国,广东湛江,撒贝宁，1976年3月23日出生于广东湛江，籍贯湖北武汉，祖籍安徽和县。中央电视台节目主持人。1999年开始主持法制节目《今日说法》。2011年主持央视娱乐节目《我们有一套》。2012年1月11日，撒贝宁现身春晚，成为龙年春晚主持第七人。2013年2月9日，撒贝宁继续主持央视蛇年春晚。2013年11月《出彩中国人》撒贝宁成为节目的主持人。2015年，再次成为中央电视台春节联欢晚会主持人。2016年担任央视春晚主会场主持人。,https://baike.baidu.com/item/%E6%92%92%E8%B4%9D%E5%AE%81
156,蔡康永,男,1962年3月1日,主持人、作家、设计师、演员、编剧、导演,中国,台湾省台北市,蔡康永，1962年3月1日出生于台湾省台北市，台湾东海大学外文系本科，美国加州大学洛杉矶分校硕士，中国台湾节目主持人、作家、设计师、演员、编剧、导演。2004年与徐熙娣搭档主持综艺访谈节目《康熙来了》，深受观众喜爱，2005年夺得第40届金钟奖最佳综艺节目主持人奖。蔡康永出版过《那些男孩教我的事》、《蔡康永的说话之道》等多本著作。2014年正式进入内地，参与爱奇艺独播的中国首档说话达人秀《奇葩说》，并担任奇葩团长。2015年10月，蔡康永微博宣布退出康熙，称想做出些改变,https://baike.baidu.com/item/%E8%94%A1%E5%BA%B7%E6%B0%B8
157,董卿,女,1973年11月17日,主持人,中国,上海,董卿，1973年11月17日出生于上海。中国中央电视台节目主持人。先后毕业于上海戏剧学院1999届本科班和华东师范大学2002届硕士研究生班。上海戏剧学院MFA艺术硕士学位。1994年到浙江电视台工作，开启其主持生涯。1996年到上海东方电视台工作，1998年因主持《相约星期六》受到观众关注，开始小有名气。2005年，颇具黑马气质的董卿首次亮相央视春晚，随即被观众所熟知。此后，连续十三年主持央视春节联欢晚会。连续八年被评为央视年度“央视十佳主持人”。连续七年排在央视挂历女主持人中前三甲。,https://baike.baidu.com/item/%E8%91%A3%E5%8D%BF/745430
158,窦文涛,,1967年8月21日,主持人,中国,河北石家庄,窦文涛，1967年8月21日出生于河北石家庄，主持人。1989年供职于广东人民广播电台。1996年加入凤凰卫视，主持娱乐资讯节目《相聚凤凰台》，新闻节目《时事直通车》。1998年推出闲谈节目《锵锵三人行》。2003年开始主持法制节目《文涛拍案》。2004年度“中国电视排行榜”中，获选为“最佳谈话节目主持人”。,https://baike.baidu.com/item/%E7%AA%A6%E6%96%87%E6%B6%9B/1485434
159,柴静,女,1976年1月1日,记者、主持人,中国,山西临汾,柴静，女，出生于山西临汾，毕业于中国传媒大学，记者、主持人。1992年，到长沙铁道学院（现中南大学）读书，1995年，电台主持《夜色温柔》节目，1998年，到中国传媒大学学习电视编辑，并在湖南广播电视台主持《新青年》节目。2001年11月起担任中央电视台《东方时空》主持人。2003年担任《新闻调查》记者，出现在非典的第一线、矿难的真相调查；2011年起担任《看见》主持人。2013年出版讲述央视十年历程的自传性作品《看见》，销量超过100万册，成为年度最畅销书籍。2014年从央视离职，2015年初推出空气污染深度调查《穹顶之下》。,https://baike.baidu.com/item/%E6%9F%B4%E9%9D%99/1061028
160,李思思,女,1986年11月4日,主持人,中国,吉林省长春市,李思思，1986年11月4日出生于吉林省长春市。中国内地节目主持人。毕业于北京大学新闻与传播学院。2005年，以大一学生身份参加央视三套《挑战主持人》节目，并成为该节目史上第一位八期女擂主。2006年，再次参加CCTV《挑战主持人》综艺节目主持人全国选拔赛，并荣获季军。2012年至2016年，连续五次担任中央电视台春节联欢晚会主会场主持人。2018年再次担任中央电视台春节联欢晚会主会场主持人。,https://baike.baidu.com/item/%E6%9D%8E%E6%80%9D%E6%80%9D/28482
161,周涛,女,1968年3月23日,主持人，制片人,中国,安徽省淮南市,周涛，1968年3月23日生于安徽省淮南市，毕业于中国传媒大学，主持人，制片人，中共党员，硕士研究生，播音指导（正高）职称，现任北京演艺集团首席演出官，[1]995—2000年担任《综艺大观》主持人。1999年，德国国家电视一台授予周涛“金皇冠”最佳主持人奖优秀播音员主持人。从1996年起连续16年主持央视春节联欢晚会,https://baike.baidu.com/item/%E5%91%A8%E6%B6%9B/5390
162,任泉,男,1975年3月4日,演员、制片人、商人,中国,于黑龙江省齐齐哈尔市,任泉，1975年3月4日出生于黑龙江省齐齐哈尔市，中国内地演员、制片人、商人，毕业于上海戏剧学院表演系93级本科班。1994年因参演都市剧《一路等候》而出道。1997年大学毕业后，独立创业成了第一家蜀地辣子鱼餐厅。2000年在古装剧《少年包青天》中饰演公孙策一角令其声名鹊起。2014年与李冰冰和黄晓明合伙成立热辣壹号火锅店，联合创立了风投公司StarVC；12月获得中国营销盛典中国十大营销人物之一[9]  。2015年11月27日在微博上宣布任泉工作室正式解散  。2016年3月17日在微博发出消息宣布正式息影，今后专业做投资 。,https://baike.baidu.com/item/%E4%BB%BB%E6%B3%89/13897
163,李冰冰,女,1973年2月27日,演员,中国,黑龙江省哈尔滨市,李冰冰，中国大陆女演员。1973年2月27日出生于黑龙江省哈尔滨市五常市，1997年毕业于上海戏剧学院表演系本科班。2000年因主演电视剧《少年包青天》而被观众所知。,https://baike.baidu.com/item/%E6%9D%8E%E5%86%B0%E5%86%B0
164,杨钰莹,女,1971年5月11日,歌手、主持人、音乐制作人,中国,江西省南昌市,杨钰莹，1971年5月11日出生于江西省南昌市新建区石岗镇，中国女歌手、主持人、音乐制作人。1990年签约广州新时代影音公司；1991年发行个人首张专辑《为爱祝福》，歌曲主要以爱情题材为主；1992年演唱电视剧《外来妹》主题曲《我不想说》开始走红。至2014年3月，已正式出版发行十二张个人专辑，代表作《我不想说》《轻轻地告诉你》《心雨》《我在春天等你》等。,https://baike.baidu.com/item/%E6%9D%A8%E9%92%B0%E8%8E%B9
165,崔永元,男,1963年2月20日,主持人,中国,天津,崔永元，1963年出生于天津北辰区，主持人，全国政协委员。1981年考入中国传媒大学新闻系。1985年毕业后进入中央人民广播电台任记者，客串中国中央电视台策划《东方时空》等节目。1996年以《实话实说》主持人崭露头角，受到欢迎。2003年7月开始主持《小崔说事》,https://baike.baidu.com/item/%E5%B4%94%E6%B0%B8%E5%85%83
166,朱迅,女,1973年9月7日,主持人,中国,北京,朱迅，中央电视台节目主持人，生于1973年9月7日，1987年担任中国中央电视台青少年部《我们这一代》主持人。11993年—1999年连续5年主持NHK教育台《中国语讲座》；连续2年主持日本NHK电视台直播节目《中日歌会》；主持日本电视台《亚洲观》；主持NHK—1《悠久的长江·三峡》、《亚洲歌坛》、《真夜中的王国》。1997年—1999年出演日本中京电视台《艺能人竞争》；连续2年担任日本朝日电视台直播节目《今晚》节目主持人；担任2016年央视春晚陕西西安分会场主持人。2017年1月27日，担任2017年央视春晚主会场主持人。2018年担任央视春晚主会场主持人。,https://baike.baidu.com/item/%E6%9C%B1%E8%BF%85/37130
167,倪萍,女,1959年2月16日,主持人、演员和作家,中国,山东省威海市,倪萍，1959年2月16日出生于中国山东省威海市荣成，主持人、演员和作家，毕业于山东艺术学院。1983年，倪萍被定为国家二级演员。1990年进入中国中央电视台，先后主持了13届春节联欢晚会，1992年，获得第6届星光奖最佳主持人奖，1993年又获得了第7届星光奖最佳主持人奖。1994年，获得第1届全国广播电视“百优双十佳”节目主持人金话筒奖。2002年，与杨亚洲导演首次合作电影《美丽的大脚》并获得中国电影金鸡奖最佳女主角。,https://baike.baidu.com/item/%E5%80%AA%E8%90%8D/1049562
168,毕福剑,男,,主持人,中国,辽宁省大连市,毕福剑，男，1959年1月生，辽宁省大连市人。曾任中国中央电视台文艺部导演。主持的主要节目有《星光大道》、《梦想剧场》、《五一七天乐》等。因其主持风格朴实自然、风趣幽默，常被称作“老毕”。他是中国记者进入北极的第一人，同是也是央视优秀的主持人之一。,https://baike.baidu.com/item/%E6%AF%95%E7%A6%8F%E5%89%91
169,杜海涛,男,1987年10月28日,主持人，演员,中国,辽宁沈阳,杜海涛，1987年10月28日生于辽宁沈阳，湖南卫视主持人，影视演员，毕业于湖南大众传媒职业技术学院。2005年参加选秀节目《闪亮新主播》获得冠军，2006年开始主持湖南卫视的《快乐大本营》，2009年和吴昕一起出版《木土日斤》一书。,https://baike.baidu.com/item/%E6%9D%9C%E6%B5%B7%E6%B6%9B/5316
170,俞灏明,男,1987年11月14日,歌手、演员、主持人,中国,中国广州,俞灏明，1987年11月14日生于中国广州。中国内地男歌手、演员、主持人。2007年4月参加湖南卫视举办的快乐男声获得全国第六名，其健康亲和的形象被歌迷昵称为“国民弟弟”。同年签约DoremiMedia唱片发行首张EP《如果，可以爱你》；2008年参加《舞动奇迹》第二季并获得冠军，2009年发行首张专辑《拥抱》。主演电影《乐火男孩》，  电视剧《一起来看流星雨》,https://baike.baidu.com/item/%E4%BF%9E%E7%81%8F%E6%98%8E
171,董成鹏,男,1982年1月12日,演员、导演、编剧、主持人、歌手,中国,吉林省通化市集安市,"董成鹏，又名大鹏，1982年1月12日出生于吉林省通化市集安市，华语影视男演员、导演、编剧、主持人、歌手，毕业于吉林建筑大学管理学院工程管理专业。
。2008年，出演个人首部电影《完美新娘》，从而正式进军影坛。2010年，正式拜赵本山为师，成为赵本山第53位弟子。2012年，自编自导自演迷你喜剧《屌丝男士》；同年，参加湖南卫视明星模仿竞技类节目《百变大咖秀》，最终获得总决赛冠军。2015年，凭借电影《煎饼侠》获得“第12届电影频道传媒大奖”最佳新人导演奖、最佳新人男演员奖[。2017年自导自演电影《缝纫机乐队》。",https://baike.baidu.com/item/%E8%91%A3%E6%88%90%E9%B9%8F/5700623?fromtitle=%E5%A4%A7%E9%B9%8F&fromid=7576991
172,马可,男,1990年2月9日,演员,中国,河南省商丘市,马可，中国内地男演员，1990年2月9日出生于河南省商丘市。2012年，中央戏剧学院2008级表演系本科毕业。1999年，在历史剧《孙中山》中饰演幼年溥仪，初涉影视圈。2003年，在《绝对计划》中饰演天才少年阿丁。2004年，在《家有儿女》中饰演小雪的假男友狂野男孩。2014年，主演仙侠剧《花千骨》，饰演杀阡陌，为人熟知，并凭借该剧获得2015亚洲偶像影响力东方盛典“影视势力人气演员”奖。,https://baike.baidu.com/item/马可/1387579
173,梁宏达,男,1972年2月20日,中国媒体评论人、出版人,中国,黑龙江省绥化市,梁宏达，1972年2月20日出生在黑龙江省绥化市兰西县，毕业于黑龙江大学新闻专业。中国媒体评论人、出版人。1992年，在黑龙江大学新闻专业毕业后做记者。1998年南下北京，担任《当代体育》、《环球体育》、《乒乓世界》、《灌篮》等杂志主编、总策划。2005年，担任中国教育电视台《第一观察》主持人。2008年12月6日，中国之声正式开播《老梁说天下》、《体育评书》节目。2013年，主持浙江卫视《老梁刨楚汉》,https://baike.baidu.com/item/%E6%A2%81%E5%AE%8F%E8%BE%BE
174,孟非,男,1971年10月21日,主持人,中国,重庆市,孟非，1971年10月出生于重庆市，中国内地主持人。1994年毕业于南京师范大学中文系。2002年因主持《南京零距离》而成名，2003年获得第六届“百优电视节目主持人奖”。2010年1月15日起主持《非诚勿扰》，节目播出后受到广泛关注，2010年位居全国同时段综艺节目收视率第一位。012年获得第九届中国电视金鹰奖最佳电视节目主持人“金鹰奖最佳主持人”奖。,https://baike.baidu.com/item/%E5%AD%9F%E9%9D%9E
175,柯蓝,,1972年7月25日,演员、主持人、模特,中国,北京,柯蓝，1972年7月25日出生于北京，演员、主持人、模特。1994年加入卫视音乐台，成为第一代亚洲VJ。1996年加入凤凰卫视中文台，成为《音乐无限》节目的主持人。2016年，参演行业医疗剧《急诊科医生》。2017年，主演的反腐电视剧《人民的名义》在湖南卫视播出  。,https://baike.baidu.com/item/%E6%9F%AF%E8%93%9D/17954
176,张泉灵,女,1973年6月8,记者、编导、主持人,中国,上海,张泉灵，1973年6月8日生于上海长宁区，祖籍浙江省宁波市余姚市，1996年毕业于北京大学德语语言文学系，原央视主持人。1997年，张泉灵考入央视国际部，并任《中国报道》记者、编导、主持人，2000年，张泉灵任新版《东方时空》总主持人及《人物周刊》《焦点访谈》《新闻会客厅》栏目主持人，2010年获得第十一届长江韬奋奖。2015年7月上旬，张泉灵确认从央视离职，7月13日以顾问形式加盟傅盛战队,https://baike.baidu.com/item/%E5%BC%A0%E6%B3%89%E7%81%B5
177,焉冰,男,1980年10月23日,主持人、民谣歌手、作家、油画画师,中国,山东省烟台市,大冰，本名焉冰，1980年10月23日出生于山东省烟台市莱阳市，中国内地主持人、民谣歌手、作家、油画画师，毕业于山东艺术学院。2002年，担任山东卫视综艺节目《阳光快车道》的主持人，从而开启了主持生涯。2003年，获得山东广播电视台“我最喜爱的电视节目主持人评选获得”十佳主持人。2007年，大冰开始担任山东卫视综艺节目组的副制片人。2008年，获得“第16届优秀电视艺术奖电视文艺单项奖”最佳主持奖。,https://baike.baidu.com/item/%E5%A4%A7%E5%86%B0
178,白岩松,男,1968年8月20日,主持人、记者,中国,内蒙古自治区呼伦贝尔市,白岩松，1968年8月20日出生于内蒙古自治区呼伦贝尔市，中国内地节目主持人、记者，毕业于中国传媒大学新闻系。1993年，白岩松参与创办中央电视台电视新闻杂志节目《东方时空》，并推出了子栏目《东方之子》。2016年，获得中央电视台十佳优秀播音员、主持人奖。2018年3月，任政协第十三届全国委员会人口资源环境委员会委员。,https://baike.baidu.com/item/%E7%99%BD%E5%B2%A9%E6%9D%BE
179,海霞,女,1972年3月9日,主持人,中国,河南郑州,海霞，1972年3月9日生于河南郑州，毕业于中国传媒大学，中国中央电视台主持人。第十三届全国政协文化文史和学习委员会委员。1993年毕业后进入央视开始主持节目《早间新闻》、《晚间新闻》，1999年起主持《现在播报》2007年起因主持《新闻联播》被观众熟知,https://baike.baidu.com/item/%E6%B5%B7%E9%9C%9E/18189
180,陶晶莹,女,1969年10月29日,歌手、主持人、演员,中国,台湾省,陶晶莹，1969年10月29日生于台湾省，中国台湾流行乐女歌手、主持人、演员，毕业于中山女高、国立政治大学。1988年，推出首支个人单曲《加糖咖啡》，从而正式进入演艺圈。1990年，推出首张个人音乐专辑《天空不要为我掉眼泪》 。1991年，担任中视综艺节目《今夜来抓狂》的主持人，从而开启了主持生涯。,https://baike.baidu.com/item/%E9%99%B6%E6%99%B6%E8%8E%B9
181,王一博,男,1997年8月5日,歌手、演员,中国,中国河南省洛阳市,王一博（YiBo），1997年8月5日出生于中国河南省洛阳市，亚洲偶像团体UNIQ成员.2014年9月15日，出道预告公开成为UNIQ首位正式成员；同年，组合获尖叫2015爱奇艺之夜颁奖礼“2015最具期待组合奖”。2015年，主演电影《梦想合伙人》及电影《大话西游3》 ；组合获得酷音乐亚洲盛典“年度内地最佳新人”奖,https://baike.baidu.com/item/%E7%8E%8B%E4%B8%80%E5%8D%9A/15818247
182,李瑞英,女,1961年7月16日,播音员、新闻记者,中国,北京,李瑞英，1961年7月16日生于北京，祖籍河南省濮阳市，毕业于中国传媒大学，播音员、新闻记者。1986年进入中央电视台工作。1990年，她担任了北京亚运会开幕式大型团体操表演中文解说。1996年，她创意并主持了《烟台经济改革纪实》和《北京开发不忘农业》新闻系列报道。2006年，她作为评委参加《挑战主持人》CCTV新主持人选拔。2014年5月28日，李瑞英与张宏民退居幕后，一道告别《新闻联播》,https://baike.baidu.com/item/%E6%9D%8E%E7%91%9E%E8%8B%B1
183,张大大,男,1990年11月2日,主持人,中国,上海,张大大，本名张韡（wěi），出生于上海，中国大陆男主持人，毕业于上海戏剧学院。2010年开始担任湖南卫视主持人，主持湖南娱乐频道节目《单身厨房》，担任2010年度星姐选举主持人。2011年开始主持节目《挑战麦克风》。2013年2月，担任《我是歌手第一季》竞演歌手黄贯中经纪人。7月，主持节目《娱乐急先锋》。2015年担任《我是歌手》中谭维维的芒果“经纪人”。,https://baike.baidu.com/item/%E5%BC%A0%E5%A4%A7%E5%A4%A7
184,尼格买提·热合曼,男,1983年4月17日,主持人,中国,新疆维吾尔自治区乌鲁木齐市,尼格买提·热合曼，维吾尔族，毕业于中国传媒大学，1983年4月17日出生于新疆维吾尔自治区乌鲁木齐市。中国中央电视台综艺频道节目主持人。尼格买提2006年进入央视，先后主持《魅力新搭档》、《全家总动员》、《开心辞典》，2012年和李思思共同主持《回声嘹亮》，2013年主持《开门大吉》，2015年和朱迅共同主持《星光大道》，2015、2016、2017、2018连续四年主持中央电视台春节联欢晚会 。,https://baike.baidu.com/item/尼格买提·热合曼
185,李梓萌,女,1977年7月,主持人,中国,辽宁沈阳,李梓萌，女，汉族，中央电视台主持人，《新闻联播》节目主播。1977年7月出生于辽宁沈阳，1996年毕业于北京广播学院（现中国传媒大学）播音系，后分配到中央电视台。2000年至今，任央视播音组成员[。曾主持《新闻直播间》、《文化报道》、《国际时讯》等栏目。2007年12月正式成为《新闻联播》节目主播[2]  。,https://baike.baidu.com/item/%E6%9D%8E%E6%A2%93%E8%90%8C
186,徐熙媛,女,1976年10月6日,演员、歌手、主持人、作家,中国,台湾省台北市,徐熙媛（大S），1976年10月6日出生于台湾省台北市，中国台湾女演员、歌手、主持人、作家。2001年饰演电视剧《流星花园》中“杉菜”一角走红，并凭借该剧入围台湾电视金钟奖最佳女主角奖。,https://baike.baidu.com/item/%E5%BE%90%E7%86%99%E5%AA%9B?fromtitle=%E5%A4%A7S&fromid=1244130
187,徐熙娣,女,1978年6月14日,演员、流行乐歌手、节目主持人,中国,台湾省台北市,徐熙娣（小S），1978年6月14日生于台湾省台北市，祖籍山东省临沂市郯城县，华语影视女演员、流行乐歌手、节目主持人，毕业于华冈艺校戏剧科。1993年，徐熙娣与姐姐徐熙媛组成“ASOS”组合，从而正式进入演艺圈。2004年，与蔡康永搭档主持中天综合台明星访谈类节目《康熙来了》,https://baike.baidu.com/item/%E5%BE%90%E7%86%99%E5%A8%A3
190,汪涵,男,1974年4月7日,主持人,中国,江苏省苏州市,汪涵，1974年出生在江苏省苏州市吴中区，中国民主促进会（民进）会员，中国民主促进会中央委员，湖南卫视节目主持人，国内综艺主持，曾主持过《音乐不断歌友会》、《超级女声》、《快乐男生》等节目，现主持《天天向上》、《越策越开心》等。,https://baike.baidu.com/item/%E6%B1%AA%E6%B6%B5/1168090
191,阿米尔汗,男,1965年3月14日,印度宝莱坞演员、导演、制片人,印度,印度孟买,阿米尔·汗（AamirKhan），1965年3月14日出生于印度孟买，印度宝莱坞演员、导演、制片人。8岁的时侯，阿米尔·汗出演第一部电影《YaadonKiBaraat》。后来练习打网球，获得了马哈拉施特拉邦的网球冠军。1988年，阿米尔·汗放弃网球重回银幕。2002年，阿米尔凭借剧情爱情电影《印度往事》获得zee电影奖最佳男主角奖。2008年，凭借导演《地球上的星星》获得宝莱坞人民选择奖最佳导演奖。2009年，出演了励志喜剧电影《三傻大闹宝莱坞》，饰演Rancho 。,https://baike.baidu.com/item/%E9%98%BF%E7%B1%B3%E5%B0%94%C2%B7%E6%B1%97/3745832?fr=aladdin&fromid=9066462&fromtitle=%E9%98%BF%E7%B1%B3%E5%B0%94%E6%B1%97
192,全智贤,女,1981年10月30日,演员、模特,韩国,韩国首尔,全智贤，1981年10月30日出生于韩国首尔江南区。韩国影视演员、模特，毕业于东国大学。1997年从事模特行业出道。1999年主演爱情电影《白色情人节》，获得百想艺术大赏最佳女新人奖。2000年主演爱情电影《触不到的恋人》，凭借此片提名第38届韩国电影大钟奖最佳女主角奖。2001年爱情喜剧电影《我的野蛮女友》，获得韩国电影大钟奖最佳女主角奖。2013年主演爱情剧《来自星星的你》，凭借此剧获得第50届百想艺术大赏电视剧部门大赏和SBS演技大赏演技大赏,https://baike.baidu.com/item/%E5%85%A8%E6%99%BA%E8%B4%A4
193,陈妍希,女,1983年5月31日,演员、歌手,中国,台湾省台北市,"陈妍希，1983年5月31日出生于台湾省台北市，中国台湾影视女演员、流行乐歌手，毕业于南加利福尼亚大学。2006年，出演个人首部电视剧《换换爱》而进入演艺圈。2009年，凭借爱情片《听说》提名第46届金马奖最佳新人演员。2011年，因出演青春爱情片《那些年，我们一起追的女孩。》中沈佳宜一角获得关注，并凭借该片提名第48届台湾电影金马奖最佳女主角。2013年，发行个人首张原创音乐专辑《Me,Myself,And I》，并获得第11届CCTV-MTV音乐盛典港澳台地区年度最受欢迎潜力歌手",https://baike.baidu.com/item/%E9%99%88%E5%A6%8D%E5%B8%8C
194,张靓颖,女,1984年10月11日,歌手,中国,四川成都,张靓颖，1984年10月11日出生于四川成都，中国流行女歌手，现任中华全国青年联合会委员。2006年，发行首张专辑《THEONE》，年终销量超过100万张，并凭此专辑获得中国金唱片奖通俗类女演员奖。2007年，发行专辑《UPDATE*JANE》，并在美国洛杉矶举行售票演唱会。2008年，跟随时任国家主席胡锦涛出访日本，在日本首相官邸为两国元首献唱《印象西湖雨》。2016年英文单曲《Dust My ShouldersOff》登上美国公告牌数字音乐销量榜，并获得美国、德国、英国流行艺术大奖。2017年，成为首位登上维多利亚的秘密时尚秀表演的亚洲歌手,https://baike.baidu.com/item/%E5%BC%A0%E9%9D%93%E9%A2%96
195,倪妮,女,988年8月8日,演员,中国,南京,倪妮，1988年8月8日生于南京，毕业于中国传媒大学南广学院语言传播系，中国内地影视女演员。2011年，因出演战争史诗电影《金陵十三钗》女主角玉墨一角而进入演艺圈，并凭借此片获得第六届亚洲电影大奖最佳新演员等多个奖项。2013年1月，与Angelababy、杨幂及刘诗诗被评为内地新“四小花旦”，随后主演爱情悬疑电影《杀戒》、爱情电影《我想和你好好的》及治愈系电影《等风来》。2014年，主演校园爱情电影《匆匆那年》，同年成为第九届中国作家榜授予的首任“阅读星大使”。,https://baike.baidu.com/item/%E5%80%AA%E5%A6%AE/24849
196,彭丽媛,女,1962年11月20日,中国著名女高音歌唱家，中国第一位民族声乐硕士，国家一级演员,中国,山东省菏泽市,"彭丽媛，1962年11月20日出生于山东省菏泽市郓城县，中国著名女高音歌唱家，中国第一位民族声乐硕士，国家一级演员，享受国务院颁发的“政府津贴”。1985年7月加入中国共产党，是中国人民解放军文职干部，正军级待遇。[1] 
彭丽媛是连续当选第八届、九届、十届中国人民政治协商会议的全国政协委员。2005年当选中华全国青联联合会副主席。2009年担任中国人民解放军总政治部歌舞团团长。2012年升任解放军艺术学院院长。[2] 
彭丽媛现在是解放军艺术学院院长，中国音乐家协会理事，中国歌剧研究会副主席，全国妇联执委，担任中国音乐学院客座教授，北京大学、上海师范大学兼职教授。",https://baike.baidu.com/item/%E5%BD%AD%E4%B8%BD%E5%AA%9B
197,邓紫棋,女,1991年8月16日,歌手,中国,上海,"G.E.M.邓紫棋.，原名邓诗颖，1991年8月16日生于中国上海，4岁移居香港，中国香港创作型女歌手。2008年7月10日以16岁之龄出道。同年10月16日发行首张EP《G.E.M.》，取得香港各大乐坛颁奖礼新人金奖[。2014年1月，参加湖南卫视《我是歌手第二季》节目，获得总决赛亚军。3月31日，获第27届KCA美国儿童选择奖“最受欢迎亚洲艺人”。12月10日，邓紫棋的蜡像入驻香港杜莎夫人蜡像馆。2015年7月，未满24岁便完成80场个人演唱会。截至北京时间2015年11月22日伦敦温布利终站，《G.E.M.X.X.X.Live”世界巡回演唱会》已经完成73场。打破之前华语乐坛女歌手单轮巡演59场的记录。2016年1月5日，邓紫棋入选《福布斯》""全球30岁以下30位最具潜力杰出音乐人""。 ",https://baike.baidu.com/item/%E9%82%93%E7%B4%AB%E6%A3%8B
198,林心如,女,1976年1月27日,演员、歌手、影视制作人,中国,台湾省台北市,林心如，1976年1月27日出生于台湾省台北市，中国台湾女演员、歌手、影视制作人。1993年以兼职广告模特出道。1994年因与郭富城合拍广告而正式踏入演艺圈。1998年因在清宫剧《还珠格格》中饰演“夏紫薇”一角而打开知名度，次年继续主演《还珠格格第二部》，该剧先后创造了中国电视剧收视记录。2001年主演的民国剧《情深深雨濛濛》成为年度电视剧收视冠军，发行首张个人国语专辑《双面林心如》。2010年因在古装剧《美人心计》中饰演传奇皇后窦漪房一角，而获得第5届首尔国际电视节中国最受欢迎演员奖。2016年7月31日，与霍建华在巴厘岛举办婚礼。2017年1月6日，林心如生下女儿“小天使”,https://baike.baidu.com/item/%E6%9E%97%E5%BF%83%E5%A6%82
199,翟天临,男,1987年2月15日,演员,中国,山东省青岛市,翟天临，1987年2月15日出生于山东省青岛市，毕业于北京电影学院2006级表演本科班，2014级博士研究生，中国内地影视演员。2000年，翟天临主演杜琪峰导演的青春文艺片《少年往事》。2012年，主演医疗剧《心术》，凭借该剧获第二届搜狐视频电视剧最佳男配角、最佳新人。2016年，作为单元男主参演古装神话剧《青丘狐传说》。2017年，主演年代剧《白鹿原》；同年，参演三国题材战争权谋古装剧《大军师司马懿之军师联盟》。,https://baike.baidu.com/item/%E7%BF%9F%E5%A4%A9%E4%B8%B4
200,贾乃亮,男,1984年4月12日,演员,中国,黑龙江省哈尔滨,贾乃亮，1984年4月12日出生于黑龙江省哈尔滨松北区，中国内地男演员，毕业于北京电影学院。2002年贾乃亮出演第一部电视剧《北京假日》；2011年主演家庭情感剧《当婆婆遇上妈》获得亚洲偶像盛典最受媒体关注艺人奖；2014年主演《产科男医生》于东方卫视、江苏卫视、深圳卫视播出，取得全国同时段收视率第一的成绩。2012年7月6日贾乃亮与李小璐举行婚礼，两人于2012年10月23日获得一女。2014年，参加浙江卫视明星亲子真人秀节目《爸爸回来了》,https://baike.baidu.com/item/%E8%B4%BE%E4%B9%83%E4%BA%AE
201,舒淇,女,1976年4月16日,演员、模特,中国,台湾省新北市,"舒淇，1976年4月16日出生于台湾省新北市新店区，华语影视女演员、模特。
她从高中开始就当上了业余模特。1996年从台湾到香港发展，被王晶发掘主演多部影片，后凭借尔冬升导演的《色情男女》获得第16届香港电影金像奖最佳女配角、最佳新人两项奖项。1998年凭借电影《古惑仔情义篇之洪兴十三妹》获得第35届台湾电影金马奖最佳女配角。2001年登上美国《时代周刊》封面，并对舒淇进行了专访。2016年9月3日冯德伦和舒淇宣布结婚",https://baike.baidu.com/item/%E8%88%92%E6%B7%87
202,章子怡,女,1979年2月9日,演员、制片人,中国,北京市,章子怡，1979年2月9日出生于北京市，华语影视女演员、制片人，毕业于中央戏剧学院表演系。1996年，出演个人首部电影《星星点灯》，从而正式进入演艺圈。1998年，在剧情电影《我的父亲母亲》中饰演女主角招娣，并凭借该片获得第23届大众电影百花奖最佳女主角奖。1999年，在武侠动作电影《卧虎藏龙》中饰演玉娇龙，并凭借该片获得了美国独立精神奖最佳女配角奖、第13届芝加哥影评人协会奖佳新人奖等多个奖项。2004年，其主演的古装武侠电影《十面埋伏》上映，并凭借该片获得第11届中国电影华表奖优秀女演员奖。2005年，凭借电影《2046》获得第24届香港电影金像奖最佳女主角奖；同年，凭借剧情电影《艺伎回忆录》入围第63届美国电影电视金球奖电影类-剧情类最佳女主角奖,https://baike.baidu.com/item/%E7%AB%A0%E5%AD%90%E6%80%A1
203,李宇春,女,1984年3月10日,歌手、演员、词曲创作人,中国,四川成都,宇春，1984年3月10日出生于成都，中国流行女歌手、演员、词曲创作人、演唱会导演。2005年，李宇春获得”超级女声“全国总冠军，登上美国《时代周刊》封面。2006年发行首张专辑《皇后与梦想》，年终销量137万张，创立品牌演唱会“WhyMe”。2007年发行专辑《我的》并首次开展全国巡演，再登美国《时代周刊》。2008年发行专辑《少年中国》，获得MTV亚洲音乐大奖中国最受欢迎歌手奖。2009年发行专辑《李宇春》，入驻杜莎夫人蜡像馆，获得亚洲音乐节亚洲最佳歌手奖。2010年成立个人工作室。,https://baike.baidu.com/item/%E6%9D%8E%E5%AE%87%E6%98%A5/80102
203,蔡明,女,1961年10月21日,名表演艺术家，国家一级演员,中国,北京,蔡明，1961年10月21日出生于北京，著名表演艺术家，国家一级演员。1973年，被导演谢铁骊选中在影片《海霞》饰演童年海霞。1980年，参演电影《戴手铐的旅客》。1990年蔡明的第一个小品《普拉尼特的长发》与陈佩斯、朱时茂合演，在北京电视台亮相。1991年中央电视台春节联欢晚会上，蔡明与巩汉林合作表演了小品《陌生人》。2000年，在电视剧《闲人马大姐》中饰演马大姐，获得《中国大众电视》老百姓最喜爱影视明星等荣誉称号。1991年至2017年，蔡明共计有26次登上央视春晚表演小品,https://baike.baidu.com/item/%E8%94%A1%E6%98%8E/5462
204,金秀贤,男,1988年2月16日,演员,韩国,韩国首尔,金秀贤，1988年2月16日出生于首尔，韩国男演员。2007年进入演艺圈。2011年首次担当男主角的电视剧《DreamHigh》位居韩国年度月火迷你剧收视率冠军。2012年主演电视剧《拥抱太阳的月亮》收视率达42.2%，凭借此剧获得百想艺术大赏最佳男演员奖；同年，凭借电影处女作《盗贼同盟》获得韩国青龙电影奖人气明星奖。2013年首部主演电影《伟大的隐藏者》票房突破696万观影人次，并在韩国三大电f影颁奖礼中的韩国电影大钟奖和百想艺术大赏上获得了最佳新人奖。2014年，主演电视剧《来自星星的你》，凭借此剧获得韩国电视剧大奖最高演技大赏、东京国际电视剧节亚洲最佳演员奖等荣誉，成为百想艺术大赏50年首位影视人气双料得主，以三座奖杯刷新了单届获奖数量的纪录。2015年凭借电视剧《制作人》获得KBS演技大赏等三座演技大赏 ,https://baike.baidu.com/item/%E9%87%91%E7%A7%80%E8%B4%A4/2363730
,,,,,,,,
,,,,,,,,